包裹体名称,所属图像,置信度,图像大小,ROI大小,气相像素,液相像素,总像素,气液比(G/L),气相面积占比,X位置(μm),Y位置(μm),Z位置(μm),温度(°C),检测框坐标
X-2400_Y0_Z0_ROI0,X-2400_Y0_Z0,0.526207,786x781,22x26,32,152,184,0.210526,0.173913,-2400,0,0,,"(577,648,599,674)"
X-2700_Y0_Z0_ROI0,X-2700_Y0_Z0,0.869936,786x781,89x80,475,2253,2728,0.21083,0.17412,-2700,0,0,,"(684,691,773,771)"
X-900_Y250_Z0_ROI0,X-900_Y250_Z0,0.870196,786x781,128x142,550,6923,7473,0.079445,0.073598,-900,250,0,,"(227,620,355,762)"
X-1200_Y250_Z0_ROI0,X-1200_Y250_Z0,0.847004,786x781,47x49,129,586,715,0.220137,0.18042,-1200,250,0,,"(399,264,446,313)"
X-2400_Y250_Z0_ROI0,X-2400_Y250_Z0,0.790891,786x781,117x134,746,4554,5300,0.163812,0.140755,-2400,250,0,,"(379,515,496,649)"
X-3000_Y250_Z0_ROI0,X-3000_Y250_Z0,0.786379,786x781,78x74,183,2035,2218,0.089926,0.082507,-3000,250,0,,"(587,467,665,541)"
X-2400_Y500_Z0_ROI0,X-2400_Y500_Z0,0.820016,786x781,147x137,1229,7029,8258,0.174847,0.148825,-2400,500,0,,"(502,395,649,532)"
X-2400_Y500_Z0_ROI1,X-2400_Y500_Z0,0.600087,786x781,204x184,2357,11682,14039,0.201763,0.167889,-2400,500,0,,"(150,332,354,516)"
X-3000_Y500_Z0_ROI0,X-3000_Y500_Z0,0.777252,786x781,56x52,178,937,1115,0.189968,0.159641,-3000,500,0,,"(278,3,334,55)"
X-2100_Y1000_Z0_ROI0,X-2100_Y1000_Z0,0.602333,786x781,81x72,232,1436,1668,0.16156,0.139089,-2100,1000,0,,"(17,299,98,371)"
X-2400_Y1000_Z0_ROI0,X-2400_Y1000_Z0,0.756998,786x781,148x173,1048,10240,11288,0.102344,0.092842,-2400,1000,0,,"(247,24,395,197)"
X-2400_Y1000_Z0_ROI1,X-2400_Y1000_Z0,0.730989,786x781,149x183,1453,8346,9799,0.174095,0.14828,-2400,1000,0,,"(484,405,633,588)"
X-600_Y1250_Z0_ROI0,X-600_Y1250_Z0,0.718793,786x781,83x58,526,1620,2146,0.324691,0.245107,-600,1250,0,,"(504,0,587,58)"
X-1200_Y1250_Z0_ROI0,X-1200_Y1250_Z0,0.79249,786x781,33x33,80,276,356,0.289855,0.224719,-1200,1250,0,,"(454,728,487,761)"
X-1200_Y1250_Z0_ROI1,X-1200_Y1250_Z0,0.600719,786x781,74x75,619,1197,1816,0.517126,0.340859,-1200,1250,0,,"(451,278,525,353)"
X-1500_Y1250_Z0_ROI0,X-1500_Y1250_Z0,0.524634,786x781,109x111,984,3853,4837,0.255385,0.203432,-1500,1250,0,,"(434,91,543,202)"
X-2100_Y1250_Z0_ROI0,X-2100_Y1250_Z0,0.612784,786x781,76x73,202,1447,1649,0.139599,0.122498,-2100,1250,0,,"(710,317,786,390)"
X-1800_Y1500_Z0_ROI0,X-1800_Y1500_Z0,0.805768,786x781,64x64,290,1309,1599,0.221543,0.181363,-1800,1500,0,,"(176,716,240,780)"
X-2100_Y1500_Z0_ROI0,X-2100_Y1500_Z0,0.767793,786x781,33x36,99,314,413,0.315287,0.239709,-2100,1500,0,,"(569,21,602,57)"
X-2400_Y1500_Z0_ROI0,X-2400_Y1500_Z0,0.833176,786x781,72x69,414,1284,1698,0.32243,0.243816,-2400,1500,0,,"(551,674,623,743)"
X-2700_Y1500_Z0_ROI0,X-2700_Y1500_Z0,0.632328,786x781,94x132,1236,5287,6523,0.233781,0.189483,-2700,1500,0,,"(0,568,94,700)"
X-1800_Y1750_Z0_ROI0,X-1800_Y1750_Z0,0.840291,786x781,55x57,175,771,946,0.226978,0.184989,-1800,1750,0,,"(157,134,212,191)"
X-2400_Y1750_Z0_ROI0,X-2400_Y1750_Z0,0.836728,786x781,74x69,283,1418,1701,0.199577,0.166373,-2400,1750,0,,"(91,179,165,248)"
X-1500_Y2000_Z0_ROI0,X-1500_Y2000_Z0,0.795551,786x781,112x120,776,4390,5166,0.176765,0.150213,-1500,2000,0,,"(214,331,326,451)"
X-1500_Y2000_Z0_ROI1,X-1500_Y2000_Z0,0.754255,786x781,127x139,1166,6474,7640,0.180105,0.152618,-1500,2000,0,,"(401,360,528,499)"
X-1500_Y2000_Z0_ROI2,X-1500_Y2000_Z0,0.70874,786x781,120x129,1021,5332,6353,0.191485,0.160711,-1500,2000,0,,"(138,351,258,480)"
X-1200_Y2250_Z0_ROI0,X-1200_Y2250_Z0,0.769515,786x781,53x49,221,648,869,0.341049,0.254315,-1200,2250,0,,"(115,476,168,525)"
X0_Y2500_Z0_ROI0,X0_Y2500_Z0,0.836325,786x781,84x70,756,2276,3032,0.332162,0.24934,0,2500,0,,"(690,0,774,70)"
X-1200_Y2500_Z0_ROI0,X-1200_Y2500_Z0,0.678497,786x781,44x56,123,706,829,0.174221,0.148372,-1200,2500,0,,"(742,484,786,540)"
X-1200_Y2750_Z0_ROI0,X-1200_Y2750_Z0,0.837302,786x781,112x102,495,3637,4132,0.136101,0.119797,-1200,2750,0,,"(338,264,450,366)"
X-1200_Y2750_Z0_ROI1,X-1200_Y2750_Z0,0.790558,786x781,64x62,186,1203,1389,0.154613,0.133909,-1200,2750,0,,"(125,144,189,206)"
X-900_Y3000_Z0_ROI0,X-900_Y3000_Z0,0.724666,786x781,119x123,527,3125,3652,0.16864,0.144304,-900,3000,0,,"(146,547,265,670)"
X-1200_Y3000_Z0_ROI0,X-1200_Y3000_Z0,0.613252,786x781,54x50,148,769,917,0.192458,0.161396,-1200,3000,0,,"(451,310,505,360)"
X-1200_Y3000_Z0_ROI1,X-1200_Y3000_Z0,0.559629,786x781,68x76,240,1809,2049,0.13267,0.11713,-1200,3000,0,,"(696,144,764,220)"
X-2700_Y3000_Z0_ROI0,X-2700_Y3000_Z0,0.801849,786x781,72x71,235,1677,1912,0.140131,0.122908,-2700,3000,0,,"(302,492,374,563)"
X-1200_Y0_Z-200_ROI0,X-1200_Y0_Z-200,0.675553,786x781,50x40,75,330,405,0.227273,0.185185,-1200,0,-200,,"(168,329,218,369)"
X-2400_Y250_Z-200_ROI0,X-2400_Y250_Z-200,0.67739,786x781,35x36,95,316,411,0.300633,0.231144,-2400,250,-200,,"(481,675,516,711)"
X-3000_Y250_Z-200_ROI0,X-3000_Y250_Z-200,0.868145,786x781,63x62,281,1308,1589,0.214832,0.176841,-3000,250,-200,,"(646,555,709,617)"
X-2100_Y500_Z-200_ROI0,X-2100_Y500_Z-200,0.871964,786x781,56x55,141,875,1016,0.161143,0.13878,-2100,500,-200,,"(147,416,203,471)"
X-2400_Y500_Z-200_ROI0,X-2400_Y500_Z-200,0.836255,786x781,101x106,647,3564,4211,0.181538,0.153645,-2400,500,-200,,"(158,531,259,637)"
X-2400_Y500_Z-200_ROI1,X-2400_Y500_Z-200,0.68619,786x781,41x37,57,438,495,0.130137,0.115152,-2400,500,-200,,"(577,582,618,619)"
X-2400_Y500_Z-200_ROI2,X-2400_Y500_Z-200,0.625838,786x781,98x69,39,1785,1824,0.021849,0.021382,-2400,500,-200,,"(469,600,567,669)"
X-2700_Y500_Z-200_ROI0,X-2700_Y500_Z-200,0.892871,786x781,91x92,287,2853,3140,0.100596,0.091401,-2700,500,-200,,"(420,219,511,311)"
X-3000_Y500_Z-200_ROI0,X-3000_Y500_Z-200,0.756582,786x781,46x41,133,409,542,0.325183,0.245387,-3000,500,-200,,"(609,145,655,186)"
X-3000_Y500_Z-200_ROI1,X-3000_Y500_Z-200,0.557853,786x781,56x44,154,489,643,0.314928,0.239502,-3000,500,-200,,"(428,249,484,293)"
X-2100_Y750_Z-200_ROI0,X-2100_Y750_Z-200,0.697267,786x781,47x41,104,497,601,0.209256,0.173045,-2100,750,-200,,"(21,246,68,287)"
X-900_Y1000_Z-200_ROI0,X-900_Y1000_Z-200,0.762061,786x781,184x152,885,10017,10902,0.08835,0.081178,-900,1000,-200,,"(507,432,691,584)"
X-2100_Y1000_Z-200_ROI0,X-2100_Y1000_Z-200,0.742021,786x781,47x43,136,478,614,0.284519,0.221498,-2100,1000,-200,,"(731,259,778,302)"
X-2400_Y1000_Z-200_ROI0,X-2400_Y1000_Z-200,0.845778,786x781,65x64,208,1015,1223,0.204926,0.170074,-2400,1000,-200,,"(437,180,502,244)"
X-2700_Y1000_Z-200_ROI0,X-2700_Y1000_Z-200,0.671007,786x781,41x36,83,324,407,0.256173,0.203931,-2700,1000,-200,,"(277,612,318,648)"
X0_Y1250_Z-200_ROI0,X0_Y1250_Z-200,0.831133,786x781,31x33,50,279,329,0.179211,0.151976,0,1250,-200,,"(239,478,270,511)"
X0_Y1250_Z-200_ROI1,X0_Y1250_Z-200,0.780006,786x781,34x33,84,307,391,0.273616,0.214834,0,1250,-200,,"(195,248,229,281)"
X0_Y1250_Z-200_ROI2,X0_Y1250_Z-200,0.54504,786x781,103x116,471,4411,4882,0.106779,0.096477,0,1250,-200,,"(10,315,113,431)"
X0_Y1250_Z-200_ROI3,X0_Y1250_Z-200,0.50725,786x781,21x22,38,97,135,0.391753,0.281481,0,1250,-200,,"(227,375,248,397)"
X-900_Y1250_Z-200_ROI0,X-900_Y1250_Z-200,0.785387,786x781,146x148,1916,7013,8929,0.273207,0.214582,-900,1250,-200,,"(356,135,502,283)"
X-1200_Y1250_Z-200_ROI0,X-1200_Y1250_Z-200,0.894498,786x781,85x86,400,2317,2717,0.172637,0.147221,-1200,1250,-200,,"(356,427,441,513)"
X-1200_Y1250_Z-200_ROI1,X-1200_Y1250_Z-200,0.512668,786x781,32x34,64,323,387,0.198142,0.165375,-1200,1250,-200,,"(480,218,512,252)"
X-1800_Y1250_Z-200_ROI0,X-1800_Y1250_Z-200,0.566348,786x781,61x67,220,1249,1469,0.176141,0.149762,-1800,1250,-200,,"(32,687,93,754)"
X0_Y1500_Z-200_ROI0,X0_Y1500_Z-200,0.854251,786x781,103x115,561,4479,5040,0.125251,0.11131,0,1500,-200,,"(620,330,723,445)"
X0_Y1500_Z-200_ROI1,X0_Y1500_Z-200,0.799829,786x781,51x51,282,766,1048,0.368146,0.269084,0,1500,-200,,"(664,245,715,296)"
X0_Y1500_Z-200_ROI2,X0_Y1500_Z-200,0.762911,786x781,53x50,149,886,1035,0.168172,0.143961,0,1500,-200,,"(649,550,702,600)"
X0_Y1500_Z-200_ROI3,X0_Y1500_Z-200,0.742191,786x781,35x32,81,306,387,0.264706,0.209302,0,1500,-200,,"(626,148,661,180)"
X-1800_Y1500_Z-200_ROI0,X-1800_Y1500_Z-200,0.833698,786x781,108x105,554,2817,3371,0.196663,0.164343,-1800,1500,-200,,"(139,546,247,651)"
X-1800_Y1500_Z-200_ROI1,X-1800_Y1500_Z-200,0.606562,786x781,61x65,279,1195,1474,0.233473,0.189281,-1800,1500,-200,,"(644,708,705,773)"
X-1800_Y1750_Z-200_ROI0,X-1800_Y1750_Z-200,0.870404,786x781,74x79,389,2023,2412,0.192289,0.161277,-1800,1750,-200,,"(69,14,143,93)"
X-1800_Y1750_Z-200_ROI1,X-1800_Y1750_Z-200,0.839714,786x781,103x103,486,3086,3572,0.157485,0.136058,-1800,1750,-200,,"(359,0,462,103)"
X-1800_Y1750_Z-200_ROI2,X-1800_Y1750_Z-200,0.830769,786x781,88x89,373,1830,2203,0.203825,0.169315,-1800,1750,-200,,"(491,468,579,557)"
X-2700_Y1750_Z-200_ROI0,X-2700_Y1750_Z-200,0.70295,786x781,131x141,1906,6508,8414,0.29287,0.226527,-2700,1750,-200,,"(655,563,786,704)"
X-1800_Y2000_Z-200_ROI0,X-1800_Y2000_Z-200,0.737984,786x781,122x117,946,5044,5990,0.18755,0.15793,-1800,2000,-200,,"(474,0,596,117)"
X-600_Y2250_Z-200_ROI0,X-600_Y2250_Z-200,0.876877,786x781,76x77,486,2064,2550,0.235465,0.190588,-600,2250,-200,,"(441,540,517,617)"
X-600_Y2250_Z-200_ROI1,X-600_Y2250_Z-200,0.805788,786x781,64x62,552,1105,1657,0.499548,0.333132,-600,2250,-200,,"(415,435,479,497)"
X-600_Y2250_Z-200_ROI2,X-600_Y2250_Z-200,0.723938,786x781,27x26,43,158,201,0.272152,0.21393,-600,2250,-200,,"(521,468,548,494)"
X-2400_Y2250_Z-200_ROI0,X-2400_Y2250_Z-200,0.617835,786x781,81x171,815,5667,6482,0.143815,0.125733,-2400,2250,-200,,"(0,121,81,292)"
X-900_Y2750_Z-200_ROI0,X-900_Y2750_Z-200,0.745837,786x781,116x119,607,4246,4853,0.142958,0.125077,-900,2750,-200,,"(376,662,492,781)"
X-1200_Y2750_Z-200_ROI0,X-1200_Y2750_Z-200,0.873316,786x781,120x134,604,5220,5824,0.115709,0.103709,-1200,2750,-200,,"(21,545,141,679)"
X-1200_Y2750_Z-200_ROI1,X-1200_Y2750_Z-200,0.839702,786x781,53x82,344,1639,1983,0.209884,0.173475,-1200,2750,-200,,"(0,129,53,211)"
X-1200_Y3000_Z-200_ROI0,X-1200_Y3000_Z-200,0.874268,786x781,75x80,467,1615,2082,0.289164,0.224304,-1200,3000,-200,,"(697,137,772,217)"
X-1200_Y3000_Z-200_ROI1,X-1200_Y3000_Z-200,0.652779,786x781,27x29,54,255,309,0.211765,0.174757,-1200,3000,-200,,"(524,11,551,40)"
X-2700_Y3000_Z-200_ROI0,X-2700_Y3000_Z-200,0.769617,786x781,43x41,138,444,582,0.310811,0.237113,-2700,3000,-200,,"(646,344,689,385)"
X-900_Y0_Z-400_ROI0,X-900_Y0_Z-400,0.799306,786x781,33x31,53,238,291,0.222689,0.182131,-900,0,-400,,"(662,493,695,524)"
X-600_Y250_Z-400_ROI0,X-600_Y250_Z-400,0.795551,786x781,53x55,225,835,1060,0.269461,0.212264,-600,250,-400,,"(359,551,412,606)"
X-900_Y250_Z-400_ROI0,X-900_Y250_Z-400,0.837029,786x781,127x165,1382,6607,7989,0.209172,0.172988,-900,250,-400,,"(323,349,450,514)"
X-900_Y250_Z-400_ROI1,X-900_Y250_Z-400,0.610472,786x781,54x49,144,745,889,0.193289,0.16198,-900,250,-400,,"(134,720,188,769)"
X-1200_Y250_Z-400_ROI0,X-1200_Y250_Z-400,0.706361,786x781,60x55,193,664,857,0.290663,0.225204,-1200,250,-400,,"(435,198,495,253)"
X-1200_Y250_Z-400_ROI1,X-1200_Y250_Z-400,0.533206,786x781,94x88,195,1852,2047,0.105292,0.095261,-1200,250,-400,,"(614,449,708,537)"
X-2400_Y250_Z-400_ROI0,X-2400_Y250_Z-400,0.784219,786x781,98x104,640,3679,4319,0.17396,0.148182,-2400,250,-400,,"(92,581,190,685)"
X-2700_Y250_Z-400_ROI0,X-2700_Y250_Z-400,0.813637,786x781,120x133,759,5063,5822,0.149911,0.130368,-2700,250,-400,,"(379,287,499,420)"
X-2700_Y250_Z-400_ROI1,X-2700_Y250_Z-400,0.752063,786x781,45x40,72,599,671,0.1202,0.107303,-2700,250,-400,,"(549,0,594,40)"
X-2700_Y250_Z-400_ROI2,X-2700_Y250_Z-400,0.703745,786x781,139x180,725,5915,6640,0.12257,0.109187,-2700,250,-400,,"(322,60,461,240)"
X-3000_Y250_Z-400_ROI0,X-3000_Y250_Z-400,0.76124,786x781,82x72,243,1850,2093,0.131351,0.116101,-3000,250,-400,,"(233,257,315,329)"
X-1200_Y500_Z-400_ROI0,X-1200_Y500_Z-400,0.857198,786x781,147x145,933,8534,9467,0.109327,0.098553,-1200,500,-400,,"(419,223,566,368)"
X-2400_Y500_Z-400_ROI0,X-2400_Y500_Z-400,0.795101,786x781,83x83,359,2028,2387,0.177022,0.150398,-2400,500,-400,,"(315,559,398,642)"
X-2400_Y500_Z-400_ROI1,X-2400_Y500_Z-400,0.783447,786x781,69x103,585,2802,3387,0.208779,0.172719,-2400,500,-400,,"(717,592,786,695)"
X-2400_Y500_Z-400_ROI2,X-2400_Y500_Z-400,0.662493,786x781,37x45,53,417,470,0.127098,0.112766,-2400,500,-400,,"(386,654,423,699)"
X-1200_Y750_Z-400_ROI0,X-1200_Y750_Z-400,0.885153,786x781,122x120,928,5230,6158,0.177438,0.150698,-1200,750,-400,,"(401,661,523,781)"
X-1200_Y750_Z-400_ROI1,X-1200_Y750_Z-400,0.576612,786x781,71x70,248,1348,1596,0.183976,0.155388,-1200,750,-400,,"(272,395,343,465)"
X-2100_Y750_Z-400_ROI0,X-2100_Y750_Z-400,0.896019,786x781,97x94,572,2732,3304,0.20937,0.173123,-2100,750,-400,,"(73,293,170,387)"
X-2400_Y750_Z-400_ROI0,X-2400_Y750_Z-400,0.501515,786x781,51x55,151,713,864,0.211781,0.174769,-2400,750,-400,,"(102,607,153,662)"
X-3000_Y750_Z-400_ROI0,X-3000_Y750_Z-400,0.677898,786x781,27x32,43,228,271,0.188596,0.158672,-3000,750,-400,,"(673,699,700,731)"
X0_Y1250_Z-400_ROI0,X0_Y1250_Z-400,0.871596,786x781,104x115,714,4001,4715,0.178455,0.151432,0,1250,-400,,"(2,318,106,433)"
X0_Y1250_Z-400_ROI1,X0_Y1250_Z-400,0.857408,786x781,50x48,169,803,972,0.210461,0.173868,0,1250,-400,,"(32,539,82,587)"
X0_Y1250_Z-400_ROI2,X0_Y1250_Z-400,0.848487,786x781,56x54,360,745,1105,0.483221,0.325792,0,1250,-400,,"(42,232,98,286)"
X0_Y1250_Z-400_ROI3,X0_Y1250_Z-400,0.73835,786x781,32x30,63,221,284,0.285068,0.221831,0,1250,-400,,"(102,184,134,214)"
X-300_Y1250_Z-400_ROI0,X-300_Y1250_Z-400,0.512824,786x781,70x47,169,1398,1567,0.120887,0.107849,-300,1250,-400,,"(71,0,141,47)"
X-2100_Y1250_Z-400_ROI0,X-2100_Y1250_Z-400,0.718798,786x781,105x81,804,3616,4420,0.222345,0.1819,-2100,1250,-400,,"(243,0,348,81)"
X0_Y1500_Z-400_ROI0,X0_Y1500_Z-400,0.889786,786x781,107x115,1140,3784,4924,0.301268,0.231519,0,1500,-400,,"(629,312,736,427)"
X0_Y1500_Z-400_ROI1,X0_Y1500_Z-400,0.873106,786x781,73x77,372,1440,1812,0.258333,0.205298,0,1500,-400,,"(140,344,213,421)"
X0_Y1500_Z-400_ROI2,X0_Y1500_Z-400,0.724801,786x781,59x57,269,1144,1413,0.23514,0.190375,0,1500,-400,,"(658,528,717,585)"
X-2100_Y1500_Z-400_ROI0,X-2100_Y1500_Z-400,0.657696,786x781,149x152,641,8847,9488,0.072454,0.067559,-2100,1500,-400,,"(390,480,539,632)"
X-2400_Y1500_Z-400_ROI0,X-2400_Y1500_Z-400,0.766329,786x781,35x35,82,254,336,0.322835,0.244048,-2400,1500,-400,,"(444,677,479,712)"
X-1800_Y1750_Z-400_ROI0,X-1800_Y1750_Z-400,0.889099,786x781,77x74,314,1707,2021,0.183948,0.155369,-1800,1750,-400,,"(103,131,180,205)"
X-1800_Y1750_Z-400_ROI1,X-1800_Y1750_Z-400,0.698873,786x781,67x71,334,1370,1704,0.243796,0.196009,-1800,1750,-400,,"(447,372,514,443)"
X-1500_Y2000_Z-400_ROI0,X-1500_Y2000_Z-400,0.770925,786x781,135x146,941,7875,8816,0.119492,0.106738,-1500,2000,-400,,"(194,233,329,379)"
X-1800_Y2000_Z-400_ROI0,X-1800_Y2000_Z-400,0.523577,786x781,121x125,1142,5003,6145,0.228263,0.185842,-1800,2000,-400,,"(474,0,595,125)"
X-2400_Y2000_Z-400_ROI0,X-2400_Y2000_Z-400,0.562236,786x781,27x23,48,144,192,0.333333,0.25,-2400,2000,-400,,"(381,45,408,68)"
X-600_Y2250_Z-400_ROI0,X-600_Y2250_Z-400,0.871332,786x781,102x125,502,4014,4516,0.125062,0.11116,-600,2250,-400,,"(306,497,408,622)"
X-600_Y2250_Z-400_ROI1,X-600_Y2250_Z-400,0.844636,786x781,81x109,397,2301,2698,0.172534,0.147146,-600,2250,-400,,"(387,636,468,745)"
X-600_Y2250_Z-400_ROI2,X-600_Y2250_Z-400,0.682708,786x781,69x73,329,1759,2088,0.187038,0.157567,-600,2250,-400,,"(125,206,194,279)"
X-600_Y2250_Z-400_ROI3,X-600_Y2250_Z-400,0.615913,786x781,25x29,47,165,212,0.284848,0.221698,-600,2250,-400,,"(556,547,581,576)"
X-600_Y2250_Z-400_ROI4,X-600_Y2250_Z-400,0.575363,786x781,37x38,57,425,482,0.134118,0.118257,-600,2250,-400,,"(263,650,300,688)"
X-900_Y2250_Z-400_ROI0,X-900_Y2250_Z-400,0.538091,786x781,82x52,185,1732,1917,0.106813,0.096505,-900,2250,-400,,"(542,0,624,52)"
X-1500_Y2250_Z-400_ROI0,X-1500_Y2250_Z-400,0.875908,786x781,113x118,837,4504,5341,0.185835,0.156712,-1500,2250,-400,,"(556,567,669,685)"
X-1500_Y2250_Z-400_ROI1,X-1500_Y2250_Z-400,0.868766,786x781,69x73,324,1556,1880,0.208226,0.17234,-1500,2250,-400,,"(634,434,703,507)"
X-1500_Y2250_Z-400_ROI2,X-1500_Y2250_Z-400,0.68687,786x781,42x35,98,424,522,0.231132,0.187739,-1500,2250,-400,,"(135,0,177,35)"
X-2400_Y2250_Z-400_ROI0,X-2400_Y2250_Z-400,0.572251,786x781,83x163,1255,4220,5475,0.297393,0.229224,-2400,2250,-400,,"(0,107,83,270)"
X-2700_Y2250_Z-400_ROI0,X-2700_Y2250_Z-400,0.620236,786x781,51x44,176,564,740,0.312057,0.237838,-2700,2250,-400,,"(670,0,721,44)"
X-1200_Y2500_Z-400_ROI0,X-1200_Y2500_Z-400,0.769268,786x781,52x55,125,1051,1176,0.118934,0.106293,-1200,2500,-400,,"(584,693,636,748)"
X-1200_Y2500_Z-400_ROI1,X-1200_Y2500_Z-400,0.625939,786x781,34x34,87,280,367,0.310714,0.237057,-1200,2500,-400,,"(445,676,479,710)"
X-2400_Y2500_Z-400_ROI0,X-2400_Y2500_Z-400,0.814023,786x781,158x165,1731,8117,9848,0.213256,0.175772,-2400,2500,-400,,"(560,120,718,285)"
X-2700_Y2500_Z-400_ROI0,X-2700_Y2500_Z-400,0.706763,786x781,84x78,435,1839,2274,0.236542,0.191293,-2700,2500,-400,,"(285,282,369,360)"
X-900_Y2750_Z-400_ROI0,X-900_Y2750_Z-400,0.519155,786x781,71x77,235,1634,1869,0.143819,0.125736,-900,2750,-400,,"(553,340,624,417)"
X-1200_Y2750_Z-400_ROI0,X-1200_Y2750_Z-400,0.763512,786x781,37x45,90,403,493,0.223325,0.182556,-1200,2750,-400,,"(584,253,621,298)"
X-1200_Y2750_Z-400_ROI1,X-1200_Y2750_Z-400,0.585072,786x781,119x143,908,5620,6528,0.161566,0.139093,-1200,2750,-400,,"(22,524,141,667)"
X-900_Y3000_Z-400_ROI0,X-900_Y3000_Z-400,0.880157,786x781,80x72,333,1550,1883,0.214839,0.176845,-900,3000,-400,,"(363,289,443,361)"
X-900_Y3000_Z-400_ROI1,X-900_Y3000_Z-400,0.699766,786x781,148x168,1266,7212,8478,0.175541,0.149328,-900,3000,-400,,"(415,436,563,604)"
X-1200_Y3000_Z-400_ROI0,X-1200_Y3000_Z-400,0.792519,786x781,37x36,77,400,477,0.1925,0.161426,-1200,3000,-400,,"(652,125,689,161)"
X-900_Y0_Z-600_ROI0,X-900_Y0_Z-600,0.847411,786x781,54x54,119,756,875,0.157407,0.136,-900,0,-600,,"(363,445,417,499)"
X-3000_Y0_Z-600_ROI0,X-3000_Y0_Z-600,0.519684,786x781,245x281,3368,26754,30122,0.125888,0.111812,-3000,0,-600,,"(36,23,281,304)"
X-600_Y250_Z-600_ROI0,X-600_Y250_Z-600,0.820027,786x781,80x82,480,1924,2404,0.24948,0.199667,-600,250,-600,,"(400,550,480,632)"
X-900_Y250_Z-600_ROI0,X-900_Y250_Z-600,0.877787,786x781,71x69,292,1453,1745,0.200964,0.167335,-900,250,-600,,"(466,481,537,550)"
X-900_Y250_Z-600_ROI1,X-900_Y250_Z-600,0.636498,786x781,25x30,68,165,233,0.412121,0.291845,-900,250,-600,,"(371,266,396,296)"
X-2700_Y250_Z-600_ROI0,X-2700_Y250_Z-600,0.598204,786x781,121x134,1112,5175,6287,0.214879,0.176873,-2700,250,-600,,"(378,273,499,407)"
X-3000_Y250_Z-600_ROI0,X-3000_Y250_Z-600,0.84413,786x781,55x45,168,536,704,0.313433,0.238636,-3000,250,-600,,"(301,348,356,393)"
X-1200_Y500_Z-600_ROI0,X-1200_Y500_Z-600,0.868882,786x781,149x150,1757,7632,9389,0.230215,0.187134,-1200,500,-600,,"(427,209,576,359)"
X-2400_Y500_Z-600_ROI0,X-2400_Y500_Z-600,0.808975,786x781,75x68,222,1289,1511,0.172227,0.146923,-2400,500,-600,,"(283,470,358,538)"
X-2400_Y500_Z-600_ROI1,X-2400_Y500_Z-600,0.609607,786x781,30x28,59,215,274,0.274419,0.215328,-2400,500,-600,,"(206,480,236,508)"
X-3000_Y500_Z-600_ROI0,X-3000_Y500_Z-600,0.677795,786x781,48x64,185,666,851,0.277778,0.217391,-3000,500,-600,,"(737,276,785,340)"
X-3000_Y500_Z-600_ROI1,X-3000_Y500_Z-600,0.648791,786x781,70x160,22,4128,4150,0.005329,0.005301,-3000,500,-600,,"(0,508,70,668)"
X-1200_Y750_Z-600_ROI0,X-1200_Y750_Z-600,0.506742,786x781,124x118,1512,4963,6475,0.304654,0.233514,-1200,750,-600,,"(403,646,527,764)"
X-3000_Y750_Z-600_ROI0,X-3000_Y750_Z-600,0.539149,786x781,184x212,1075,9596,10671,0.112026,0.10074,-3000,750,-600,,"(594,468,778,680)"
X-1200_Y1000_Z-600_ROI0,X-1200_Y1000_Z-600,0.744224,786x781,117x180,788,8066,8854,0.097694,0.088999,-1200,1000,-600,,"(669,188,786,368)"
X-2100_Y1000_Z-600_ROI0,X-2100_Y1000_Z-600,0.873104,786x781,84x87,403,2198,2601,0.183348,0.15494,-2100,1000,-600,,"(553,553,637,640)"
X-1800_Y1250_Z-600_ROI0,X-1800_Y1250_Z-600,0.545975,786x781,59x56,162,1092,1254,0.148352,0.129187,-1800,1250,-600,,"(43,618,102,674)"
X-2700_Y1250_Z-600_ROI0,X-2700_Y1250_Z-600,0.836966,786x781,133x137,1199,6682,7881,0.179437,0.152138,-2700,1250,-600,,"(291,607,424,744)"
X0_Y1500_Z-600_ROI0,X0_Y1500_Z-600,0.890656,786x781,64x76,295,1685,1980,0.175074,0.14899,0,1500,-600,,"(349,31,413,107)"
X0_Y1500_Z-600_ROI1,X0_Y1500_Z-600,0.740119,786x781,112x132,910,4260,5170,0.213615,0.176015,0,1500,-600,,"(356,258,468,390)"
X0_Y1500_Z-600_ROI2,X0_Y1500_Z-600,0.538439,786x781,177x189,2481,15150,17631,0.163762,0.140718,0,1500,-600,,"(346,427,523,616)"
X-1800_Y1500_Z-600_ROI0,X-1800_Y1500_Z-600,0.852196,786x781,100x86,642,2329,2971,0.275655,0.216089,-1800,1500,-600,,"(288,662,388,748)"
X-2100_Y1500_Z-600_ROI0,X-2100_Y1500_Z-600,0.754107,786x781,161x158,1765,7437,9202,0.237327,0.191806,-2100,1500,-600,,"(381,461,542,619)"
X-2700_Y1500_Z-600_ROI0,X-2700_Y1500_Z-600,0.869701,786x781,48x56,132,743,875,0.177658,0.150857,-2700,1500,-600,,"(487,338,535,394)"
X-2700_Y1500_Z-600_ROI1,X-2700_Y1500_Z-600,0.764046,786x781,31x31,38,211,249,0.180095,0.15261,-2700,1500,-600,,"(686,307,717,338)"
X-2700_Y1500_Z-600_ROI2,X-2700_Y1500_Z-600,0.711463,786x781,57x46,228,801,1029,0.284644,0.221574,-2700,1500,-600,,"(514,0,571,46)"
X-1800_Y1750_Z-600_ROI0,X-1800_Y1750_Z-600,0.858376,786x781,73x73,373,1473,1846,0.253225,0.202059,-1800,1750,-600,,"(442,367,515,440)"
X-1800_Y1750_Z-600_ROI1,X-1800_Y1750_Z-600,0.76724,786x781,119x120,1009,3750,4759,0.269067,0.212019,-1800,1750,-600,,"(221,357,340,477)"
X-2400_Y1750_Z-600_ROI0,X-2400_Y1750_Z-600,0.723048,786x781,138x144,428,7595,8023,0.056353,0.053347,-2400,1750,-600,,"(175,260,313,404)"
X-2700_Y1750_Z-600_ROI0,X-2700_Y1750_Z-600,0.68049,786x781,29x28,52,167,219,0.311377,0.237443,-2700,1750,-600,,"(584,144,613,172)"
X-1500_Y2000_Z-600_ROI0,X-1500_Y2000_Z-600,0.815714,786x781,145x156,1435,7107,8542,0.201914,0.167993,-1500,2000,-600,,"(189,205,334,361)"
X-1800_Y2000_Z-600_ROI0,X-1800_Y2000_Z-600,0.751549,786x781,100x94,847,2938,3785,0.288291,0.223778,-1800,2000,-600,,"(622,227,722,321)"
X-2400_Y2000_Z-600_ROI0,X-2400_Y2000_Z-600,0.786276,786x781,94x89,277,2734,3011,0.101317,0.091996,-2400,2000,-600,,"(15,504,109,593)"
X-600_Y2250_Z-600_ROI0,X-600_Y2250_Z-600,0.888713,786x781,81x83,397,1780,2177,0.223034,0.182361,-600,2250,-600,,"(114,174,195,257)"
X-600_Y2250_Z-600_ROI1,X-600_Y2250_Z-600,0.831662,786x781,56x62,184,872,1056,0.211009,0.174242,-600,2250,-600,,"(267,279,323,341)"
X-600_Y2250_Z-600_ROI2,X-600_Y2250_Z-600,0.712736,786x781,35x32,111,297,408,0.373737,0.272059,-600,2250,-600,,"(99,643,134,675)"
X-600_Y2250_Z-600_ROI3,X-600_Y2250_Z-600,0.560597,786x781,104x130,1229,3603,4832,0.341105,0.254346,-600,2250,-600,,"(295,470,399,600)"
X-1500_Y2250_Z-600_ROI0,X-1500_Y2250_Z-600,0.749644,786x781,40x48,126,424,550,0.29717,0.229091,-1500,2250,-600,,"(343,365,383,413)"
X-1800_Y2250_Z-600_ROI0,X-1800_Y2250_Z-600,0.804357,786x781,155x169,1184,8930,10114,0.132587,0.117065,-1800,2250,-600,,"(326,482,481,651)"
X-600_Y2500_Z-600_ROI0,X-600_Y2500_Z-600,0.535999,786x781,33x75,15,775,790,0.019355,0.018987,-600,2500,-600,,"(753,206,786,281)"
X-1200_Y2500_Z-600_ROI0,X-1200_Y2500_Z-600,0.842318,786x781,47x49,146,734,880,0.19891,0.165909,-1200,2500,-600,,"(456,618,503,667)"
X-900_Y2750_Z-600_ROI0,X-900_Y2750_Z-600,0.898415,786x781,81x78,196,2010,2206,0.097512,0.088849,-900,2750,-600,,"(533,444,614,522)"
X-900_Y2750_Z-600_ROI1,X-900_Y2750_Z-600,0.8483,786x781,78x82,375,1693,2068,0.2215,0.181335,-900,2750,-600,,"(548,318,626,400)"
X-1200_Y2750_Z-600_ROI0,X-1200_Y2750_Z-600,0.826865,786x781,54x52,181,698,879,0.259312,0.205916,-1200,2750,-600,,"(352,367,406,419)"
X-1200_Y2750_Z-600_ROI1,X-1200_Y2750_Z-600,0.804907,786x781,43x38,94,390,484,0.241026,0.194215,-1200,2750,-600,,"(570,427,613,465)"
X-2700_Y2750_Z-600_ROI0,X-2700_Y2750_Z-600,0.833793,786x781,48x47,189,701,890,0.269615,0.21236,-2700,2750,-600,,"(117,566,165,613)"
X-2700_Y2750_Z-600_ROI1,X-2700_Y2750_Z-600,0.781564,786x781,44x35,122,334,456,0.365269,0.267544,-2700,2750,-600,,"(411,270,455,305)"
X-900_Y3000_Z-600_ROI0,X-900_Y3000_Z-600,0.811749,786x781,109x86,612,3688,4300,0.165944,0.142326,-900,3000,-600,,"(147,695,256,781)"
X-1200_Y3000_Z-600_ROI0,X-1200_Y3000_Z-600,0.842543,786x781,54x62,237,1041,1278,0.227666,0.185446,-1200,3000,-600,,"(320,119,374,181)"
X-900_Y0_Z-800_ROI0,X-900_Y0_Z-800,0.820648,786x781,94x97,367,3267,3634,0.112335,0.100991,-900,0,-800,,"(490,577,584,674)"
X-900_Y0_Z-800_ROI1,X-900_Y0_Z-800,0.798093,786x781,41x44,124,508,632,0.244094,0.196203,-900,0,-800,,"(0,31,41,75)"
X-3000_Y0_Z-800_ROI0,X-3000_Y0_Z-800,0.629407,786x781,41x40,103,400,503,0.2575,0.204771,-3000,0,-800,,"(22,471,63,511)"
X-900_Y250_Z-800_ROI0,X-900_Y250_Z-800,0.859775,786x781,57x56,220,826,1046,0.266344,0.210325,-900,250,-800,,"(567,508,624,564)"
X-900_Y250_Z-800_ROI1,X-900_Y250_Z-800,0.834468,786x781,89x78,459,3064,3523,0.149804,0.130287,-900,250,-800,,"(500,703,589,781)"
X-900_Y250_Z-800_ROI2,X-900_Y250_Z-800,0.822665,786x781,42x44,162,523,685,0.309751,0.236496,-900,250,-800,,"(694,38,736,82)"
X-900_Y250_Z-800_ROI3,X-900_Y250_Z-800,0.820988,786x781,65x66,255,1294,1549,0.197063,0.164622,-900,250,-800,,"(335,517,400,583)"
X-900_Y250_Z-800_ROI4,X-900_Y250_Z-800,0.812258,786x781,67x70,293,1371,1664,0.213713,0.176082,-900,250,-800,,"(251,577,318,647)"
X-900_Y250_Z-800_ROI5,X-900_Y250_Z-800,0.809885,786x781,29x28,41,218,259,0.188073,0.158301,-900,250,-800,,"(377,148,406,176)"
X-1200_Y250_Z-800_ROI0,X-1200_Y250_Z-800,0.802454,786x781,37x39,89,382,471,0.232984,0.18896,-1200,250,-800,,"(545,234,582,273)"
X-2400_Y250_Z-800_ROI0,X-2400_Y250_Z-800,0.764346,786x781,34x35,86,350,436,0.245714,0.197248,-2400,250,-800,,"(35,496,69,531)"
X-2400_Y250_Z-800_ROI1,X-2400_Y250_Z-800,0.579148,786x781,132x107,928,4768,5696,0.194631,0.162921,-2400,250,-800,,"(379,648,511,755)"
X-2400_Y250_Z-800_ROI2,X-2400_Y250_Z-800,0.50193,786x781,34x107,232,1023,1255,0.226784,0.184861,-2400,250,-800,,"(0,576,34,683)"
X-2700_Y250_Z-800_ROI0,X-2700_Y250_Z-800,0.856059,786x781,62x65,228,1306,1534,0.174579,0.148631,-2700,250,-800,,"(524,15,586,80)"
X-2700_Y250_Z-800_ROI1,X-2700_Y250_Z-800,0.824543,786x781,55x57,91,503,594,0.180915,0.153199,-2700,250,-800,,"(395,398,450,455)"
X-3000_Y250_Z-800_ROI0,X-3000_Y250_Z-800,0.848146,786x781,57x56,158,1103,1261,0.143246,0.125297,-3000,250,-800,,"(33,100,90,156)"
X-3000_Y250_Z-800_ROI1,X-3000_Y250_Z-800,0.785069,786x781,83x68,420,1125,1545,0.373333,0.271845,-3000,250,-800,,"(105,231,188,299)"
X-3000_Y250_Z-800_ROI2,X-3000_Y250_Z-800,0.648139,786x781,42x41,99,426,525,0.232394,0.188571,-3000,250,-800,,"(715,479,757,520)"
X-300_Y500_Z-800_ROI0,X-300_Y500_Z-800,0.751281,786x781,24x22,42,112,154,0.375,0.272727,-300,500,-800,,"(696,470,720,492)"
X-300_Y500_Z-800_ROI1,X-300_Y500_Z-800,0.591766,786x781,41x41,176,431,607,0.408353,0.289951,-300,500,-800,,"(315,223,356,264)"
X-2400_Y500_Z-800_ROI0,X-2400_Y500_Z-800,0.872172,786x781,103x106,734,3426,4160,0.214244,0.176442,-2400,500,-800,,"(554,585,657,691)"
X-2400_Y500_Z-800_ROI1,X-2400_Y500_Z-800,0.845367,786x781,131x142,1145,6559,7704,0.174569,0.148624,-2400,500,-800,,"(243,635,374,777)"
X-2400_Y500_Z-800_ROI2,X-2400_Y500_Z-800,0.769413,786x781,55x57,153,931,1084,0.164339,0.141144,-2400,500,-800,,"(173,568,228,625)"
X-3000_Y500_Z-800_ROI0,X-3000_Y500_Z-800,0.797689,786x781,62x60,357,1090,1447,0.327523,0.246717,-3000,500,-800,,"(654,113,716,173)"
X-1200_Y750_Z-800_ROI0,X-1200_Y750_Z-800,0.836873,786x781,125x107,535,4294,4829,0.124592,0.110789,-1200,750,-800,,"(283,674,408,781)"
X-1200_Y750_Z-800_ROI1,X-1200_Y750_Z-800,0.835725,786x781,56x58,199,861,1060,0.231127,0.187736,-1200,750,-800,,"(192,466,248,524)"
X-1200_Y750_Z-800_ROI2,X-1200_Y750_Z-800,0.822575,786x781,119x178,948,7998,8946,0.11853,0.105969,-1200,750,-800,,"(0,147,119,325)"
X-2400_Y750_Z-800_ROI0,X-2400_Y750_Z-800,0.729981,786x781,27x29,45,171,216,0.263158,0.208333,-2400,750,-800,,"(607,345,634,374)"
X-1200_Y1000_Z-800_ROI0,X-1200_Y1000_Z-800,0.76916,786x781,128x191,1289,7980,9269,0.161529,0.139066,-1200,1000,-800,,"(657,153,785,344)"
X-2100_Y1000_Z-800_ROI0,X-2100_Y1000_Z-800,0.838356,786x781,59x60,309,979,1288,0.315628,0.239907,-2100,1000,-800,,"(636,121,695,181)"
X-2100_Y1000_Z-800_ROI1,X-2100_Y1000_Z-800,0.618306,786x781,35x33,64,307,371,0.208469,0.172507,-2100,1000,-800,,"(399,597,434,630)"
X-1200_Y1250_Z-800_ROI0,X-1200_Y1250_Z-800,0.871538,786x781,70x76,366,1610,1976,0.227329,0.185223,-1200,1250,-800,,"(427,30,497,106)"
X-2700_Y1250_Z-800_ROI0,X-2700_Y1250_Z-800,0.868277,786x781,131x136,1355,6387,7742,0.21215,0.175019,-2700,1250,-800,,"(283,578,414,714)"
X-2700_Y1250_Z-800_ROI1,X-2700_Y1250_Z-800,0.524546,786x781,51x52,147,645,792,0.227907,0.185606,-2700,1250,-800,,"(196,339,247,391)"
X0_Y1500_Z-800_ROI0,X0_Y1500_Z-800,0.885029,786x781,109x130,648,4319,4967,0.150035,0.130461,0,1500,-800,,"(346,234,455,364)"
X-300_Y1500_Z-800_ROI0,X-300_Y1500_Z-800,0.890141,786x781,77x82,307,1961,2268,0.156553,0.135362,-300,1500,-800,,"(425,85,502,167)"
X-1800_Y1500_Z-800_ROI0,X-1800_Y1500_Z-800,0.843377,786x781,138x140,785,5974,6759,0.131403,0.116141,-1800,1500,-800,,"(55,149,193,289)"
X-1800_Y1500_Z-800_ROI1,X-1800_Y1500_Z-800,0.823468,786x781,61x61,383,1117,1500,0.342883,0.255333,-1800,1500,-800,,"(661,597,722,658)"
X-1800_Y1500_Z-800_ROI2,X-1800_Y1500_Z-800,0.670885,786x781,106x122,204,3639,3843,0.056059,0.053084,-1800,1500,-800,,"(217,421,323,543)"
X-1800_Y1500_Z-800_ROI3,X-1800_Y1500_Z-800,0.580294,786x781,46x51,203,679,882,0.298969,0.230159,-1800,1500,-800,,"(455,604,501,655)"
X-2100_Y1500_Z-800_ROI0,X-2100_Y1500_Z-800,0.833696,786x781,83x97,364,2357,2721,0.154434,0.133774,-2100,1500,-800,,"(533,73,616,170)"
X-2700_Y1500_Z-800_ROI0,X-2700_Y1500_Z-800,0.630922,786x781,65x71,222,1353,1575,0.16408,0.140952,-2700,1500,-800,,"(472,306,537,377)"
X-2400_Y1750_Z-800_ROI0,X-2400_Y1750_Z-800,0.870583,786x781,137x145,2293,5661,7954,0.405052,0.288283,-2400,1750,-800,,"(174,237,311,382)"
X-2700_Y1750_Z-800_ROI0,X-2700_Y1750_Z-800,0.835074,786x781,55x53,206,803,1009,0.256538,0.204163,-2700,1750,-800,,"(35,160,90,213)"
X-1500_Y2000_Z-800_ROI0,X-1500_Y2000_Z-800,0.612098,786x781,27x32,54,214,268,0.252336,0.201493,-1500,2000,-800,,"(317,674,344,706)"
X-1800_Y2000_Z-800_ROI0,X-1800_Y2000_Z-800,0.894874,786x781,84x81,445,2234,2679,0.199194,0.166107,-1800,2000,-800,,"(407,49,491,130)"
X-600_Y2250_Z-800_ROI0,X-600_Y2250_Z-800,0.716321,786x781,100x102,626,3759,4385,0.166534,0.142759,-600,2250,-800,,"(168,529,268,631)"
X-600_Y2250_Z-800_ROI1,X-600_Y2250_Z-800,0.519309,786x781,76x59,252,1048,1300,0.240458,0.193846,-600,2250,-800,,"(92,411,168,470)"
X-1200_Y2250_Z-800_ROI0,X-1200_Y2250_Z-800,0.601292,786x781,112x165,487,6468,6955,0.075294,0.070022,-1200,2250,-800,,"(0,284,112,449)"
X-1500_Y2250_Z-800_ROI0,X-1500_Y2250_Z-800,0.760607,786x781,104x106,539,3786,4325,0.142367,0.124624,-1500,2250,-800,,"(606,112,710,218)"
X-1800_Y2250_Z-800_ROI0,X-1800_Y2250_Z-800,0.842162,786x781,164x173,1538,8613,10151,0.178567,0.151512,-1800,2250,-800,,"(330,455,494,628)"
X-2400_Y2250_Z-800_ROI0,X-2400_Y2250_Z-800,0.663331,786x781,80x101,768,2400,3168,0.32,0.242424,-2400,2250,-800,,"(706,491,786,592)"
X-1200_Y2500_Z-800_ROI0,X-1200_Y2500_Z-800,0.888153,786x781,52x50,179,701,880,0.25535,0.203409,-1200,2500,-800,,"(570,263,622,313)"
X-900_Y2750_Z-800_ROI0,X-900_Y2750_Z-800,0.870828,786x781,96x99,629,3098,3727,0.203034,0.168768,-900,2750,-800,,"(149,353,245,452)"
X-2100_Y2750_Z-800_ROI0,X-2100_Y2750_Z-800,0.891463,786x781,94x94,733,2690,3423,0.272491,0.21414,-2100,2750,-800,,"(382,175,476,269)"
X-2700_Y2750_Z-800_ROI0,X-2700_Y2750_Z-800,0.763926,786x781,122x134,867,5773,6640,0.150182,0.130572,-2700,2750,-800,,"(642,219,764,353)"
X-2700_Y2750_Z-800_ROI1,X-2700_Y2750_Z-800,0.567159,786x781,31x42,40,375,415,0.106667,0.096386,-2700,2750,-800,,"(755,573,786,615)"
X-900_Y3000_Z-800_ROI0,X-900_Y3000_Z-800,0.621481,786x781,28x29,62,204,266,0.303922,0.233083,-900,3000,-800,,"(457,617,485,646)"
X-900_Y3000_Z-800_ROI1,X-900_Y3000_Z-800,0.506229,786x781,54x97,176,1994,2170,0.088265,0.081106,-900,3000,-800,,"(0,630,54,727)"
X-1200_Y3000_Z-800_ROI0,X-1200_Y3000_Z-800,0.510081,786x781,29x25,34,169,203,0.201183,0.167488,-1200,3000,-800,,"(549,150,578,175)"
X-2700_Y3000_Z-800_ROI0,X-2700_Y3000_Z-800,0.757985,786x781,30x27,53,206,259,0.257282,0.204633,-2700,3000,-800,,"(605,512,635,539)"
X-1500_Y0_Z-1000_ROI0,X-1500_Y0_Z-1000,0.589989,786x781,165x154,1457,8242,9699,0.176777,0.150222,-1500,0,-1000,,"(107,89,272,243)"
X-3000_Y0_Z-1000_ROI0,X-3000_Y0_Z-1000,0.847416,786x781,50x47,170,518,688,0.328185,0.247093,-3000,0,-1000,,"(268,588,318,635)"
X-900_Y250_Z-1000_ROI0,X-900_Y250_Z-1000,0.579478,786x781,93x172,364,6412,6776,0.056769,0.053719,-900,250,-1000,,"(0,8,93,180)"
X-2400_Y250_Z-1000_ROI0,X-2400_Y250_Z-1000,0.718806,786x781,39x44,78,455,533,0.171429,0.146341,-2400,250,-1000,,"(0,486,39,530)"
X-2700_Y250_Z-1000_ROI0,X-2700_Y250_Z-1000,0.881546,786x781,102x123,563,3853,4416,0.14612,0.127491,-2700,250,-1000,,"(115,52,217,175)"
X-300_Y500_Z-1000_ROI0,X-300_Y500_Z-1000,0.618274,786x781,24x24,33,135,168,0.244444,0.196429,-300,500,-1000,,"(668,425,692,449)"
X-900_Y500_Z-1000_ROI0,X-900_Y500_Z-1000,0.879356,786x781,90x88,631,2104,2735,0.299905,0.230713,-900,500,-1000,,"(80,453,170,541)"
X-900_Y500_Z-1000_ROI1,X-900_Y500_Z-1000,0.778971,786x781,152x170,809,9095,9904,0.08895,0.081684,-900,500,-1000,,"(560,23,712,193)"
X-2400_Y500_Z-1000_ROI0,X-2400_Y500_Z-1000,0.868019,786x781,66x67,240,1168,1408,0.205479,0.170455,-2400,500,-1000,,"(428,706,494,773)"
X-2400_Y500_Z-1000_ROI1,X-2400_Y500_Z-1000,0.833826,786x781,41x44,89,470,559,0.189362,0.159213,-2400,500,-1000,,"(620,494,661,538)"
X-2700_Y500_Z-1000_ROI0,X-2700_Y500_Z-1000,0.850999,786x781,73x77,248,1907,2155,0.130047,0.115081,-2700,500,-1000,,"(355,250,428,327)"
X-2700_Y500_Z-1000_ROI1,X-2700_Y500_Z-1000,0.640338,786x781,50x132,102,1725,1827,0.05913,0.055829,-2700,500,-1000,,"(736,63,786,195)"
X-3000_Y500_Z-1000_ROI0,X-3000_Y500_Z-1000,0.849534,786x781,94x95,554,3309,3863,0.167422,0.143412,-3000,500,-1000,,"(421,1,515,96)"
X-2400_Y750_Z-1000_ROI0,X-2400_Y750_Z-1000,0.687617,786x781,73x78,371,1314,1685,0.282344,0.220178,-2400,750,-1000,,"(547,299,620,377)"
X-2700_Y750_Z-1000_ROI0,X-2700_Y750_Z-1000,0.781527,786x781,39x36,75,291,366,0.257732,0.204918,-2700,750,-1000,,"(441,565,480,601)"
X-900_Y1000_Z-1000_ROI0,X-900_Y1000_Z-1000,0.853945,786x781,64x62,263,979,1242,0.268641,0.211755,-900,1000,-1000,,"(556,553,620,615)"
X-900_Y1000_Z-1000_ROI1,X-900_Y1000_Z-1000,0.740051,786x781,170x198,2370,13238,15608,0.17903,0.151845,-900,1000,-1000,,"(296,71,466,269)"
X-2100_Y1000_Z-1000_ROI0,X-2100_Y1000_Z-1000,0.832937,786x781,120x126,914,5474,6388,0.166971,0.143081,-2100,1000,-1000,,"(268,428,388,554)"
X-2700_Y1000_Z-1000_ROI0,X-2700_Y1000_Z-1000,0.811951,786x781,118x101,984,3409,4393,0.288648,0.223993,-2700,1000,-1000,,"(329,552,447,653)"
X-1800_Y1250_Z-1000_ROI0,X-1800_Y1250_Z-1000,0.789418,786x781,73x75,146,2193,2339,0.066575,0.06242,-1800,1250,-1000,,"(81,640,154,715)"
X-2100_Y1250_Z-1000_ROI0,X-2100_Y1250_Z-1000,0.865591,786x781,75x65,254,1369,1623,0.185537,0.1565,-2100,1250,-1000,,"(456,150,531,215)"
X-2700_Y1250_Z-1000_ROI0,X-2700_Y1250_Z-1000,0.585218,786x781,43x33,66,347,413,0.190202,0.159806,-2700,1250,-1000,,"(731,505,774,538)"
X0_Y1500_Z-1000_ROI0,X0_Y1500_Z-1000,0.78058,786x781,29x30,47,248,295,0.189516,0.159322,0,1500,-1000,,"(298,253,327,283)"
X0_Y1500_Z-1000_ROI1,X0_Y1500_Z-1000,0.7716,786x781,35x36,69,354,423,0.194915,0.163121,0,1500,-1000,,"(294,300,329,336)"
X0_Y1500_Z-1000_ROI2,X0_Y1500_Z-1000,0.741459,786x781,61x59,166,1196,1362,0.138796,0.12188,0,1500,-1000,,"(165,396,226,455)"
X-900_Y1500_Z-1000_ROI0,X-900_Y1500_Z-1000,0.862654,786x781,108x101,867,3596,4463,0.241101,0.194264,-900,1500,-1000,,"(371,28,479,129)"
X-1800_Y1500_Z-1000_ROI0,X-1800_Y1500_Z-1000,0.823288,786x781,55x59,226,973,1199,0.232271,0.18849,-1800,1500,-1000,,"(2,257,57,316)"
X-1800_Y1500_Z-1000_ROI1,X-1800_Y1500_Z-1000,0.797081,786x781,126x171,616,6652,7268,0.092604,0.084755,-1800,1500,-1000,,"(170,176,296,347)"
X-1500_Y1750_Z-1000_ROI0,X-1500_Y1750_Z-1000,0.863592,786x781,107x106,726,3521,4247,0.206191,0.170944,-1500,1750,-1000,,"(410,365,517,471)"
X-1500_Y1750_Z-1000_ROI1,X-1500_Y1750_Z-1000,0.692054,786x781,42x41,84,437,521,0.19222,0.161228,-1500,1750,-1000,,"(391,336,433,377)"
X-1800_Y1750_Z-1000_ROI0,X-1800_Y1750_Z-1000,0.865441,786x781,58x59,181,980,1161,0.184694,0.1559,-1800,1750,-1000,,"(697,270,755,329)"
X-1800_Y1750_Z-1000_ROI1,X-1800_Y1750_Z-1000,0.827236,786x781,83x91,180,2395,2575,0.075157,0.069903,-1800,1750,-1000,,"(529,137,612,228)"
X-1800_Y1750_Z-1000_ROI2,X-1800_Y1750_Z-1000,0.709427,786x781,42x41,85,462,547,0.183983,0.155393,-1800,1750,-1000,,"(614,528,656,569)"
X-2400_Y2000_Z-1000_ROI0,X-2400_Y2000_Z-1000,0.809791,786x781,44x41,97,512,609,0.189453,0.159278,-2400,2000,-1000,,"(82,725,126,766)"
X-2400_Y2000_Z-1000_ROI1,X-2400_Y2000_Z-1000,0.501079,786x781,42x46,90,577,667,0.155979,0.134933,-2400,2000,-1000,,"(135,527,177,573)"
X-2700_Y2000_Z-1000_ROI0,X-2700_Y2000_Z-1000,0.717045,786x781,36x19,73,211,284,0.345972,0.257042,-2700,2000,-1000,,"(400,0,436,19)"
X-600_Y2250_Z-1000_ROI0,X-600_Y2250_Z-1000,0.782166,786x781,107x110,923,3846,4769,0.23999,0.193542,-600,2250,-1000,,"(162,489,269,599)"
X-1200_Y2250_Z-1000_ROI0,X-1200_Y2250_Z-1000,0.856753,786x781,106x165,870,5594,6464,0.155524,0.134592,-1200,2250,-1000,,"(0,272,106,437)"
X-1500_Y2250_Z-1000_ROI0,X-1500_Y2250_Z-1000,0.523624,786x781,32x70,203,792,995,0.256313,0.20402,-1500,2250,-1000,,"(0,35,32,105)"
X-1800_Y2250_Z-1000_ROI0,X-1800_Y2250_Z-1000,0.860926,786x781,77x63,255,1280,1535,0.199219,0.166124,-1800,2250,-1000,,"(256,252,333,315)"
X-2100_Y2250_Z-1000_ROI0,X-2100_Y2250_Z-1000,0.808001,786x781,47x44,186,520,706,0.357692,0.263456,-2100,2250,-1000,,"(559,657,606,701)"
X-600_Y2500_Z-1000_ROI0,X-600_Y2500_Z-1000,0.722305,786x781,18x20,25,91,116,0.274725,0.215517,-600,2500,-1000,,"(639,531,657,551)"
X-1200_Y2500_Z-1000_ROI0,X-1200_Y2500_Z-1000,0.832609,786x781,140x165,947,5637,6584,0.167997,0.143834,-1200,2500,-1000,,"(597,287,737,452)"
X-1200_Y2500_Z-1000_ROI1,X-1200_Y2500_Z-1000,0.696542,786x781,61x61,355,1086,1441,0.326888,0.246357,-1200,2500,-1000,,"(441,640,502,701)"
X-1500_Y2500_Z-1000_ROI0,X-1500_Y2500_Z-1000,0.836144,786x781,62x70,239,1393,1632,0.171572,0.146446,-1500,2500,-1000,,"(598,41,660,111)"
X-2100_Y2500_Z-1000_ROI0,X-2100_Y2500_Z-1000,0.716591,786x781,34x34,56,254,310,0.220472,0.180645,-2100,2500,-1000,,"(395,242,429,276)"
X-2700_Y2500_Z-1000_ROI0,X-2700_Y2500_Z-1000,0.8464,786x781,49x43,187,483,670,0.387164,0.279104,-2700,2500,-1000,,"(54,554,103,597)"
X-2700_Y2500_Z-1000_ROI1,X-2700_Y2500_Z-1000,0.785561,786x781,62x134,790,2918,3708,0.270733,0.213053,-2700,2500,-1000,,"(0,201,62,335)"
X-2700_Y2500_Z-1000_ROI2,X-2700_Y2500_Z-1000,0.723693,786x781,27x24,33,145,178,0.227586,0.185393,-2700,2500,-1000,,"(258,588,285,612)"
X-900_Y2750_Z-1000_ROI0,X-900_Y2750_Z-1000,0.876955,786x781,105x116,637,4344,4981,0.146639,0.127886,-900,2750,-1000,,"(586,559,691,675)"
X-900_Y2750_Z-1000_ROI1,X-900_Y2750_Z-1000,0.869571,786x781,92x87,329,2431,2760,0.135335,0.119203,-900,2750,-1000,,"(353,339,445,426)"
X-2700_Y2750_Z-1000_ROI0,X-2700_Y2750_Z-1000,0.894638,786x781,117x130,1075,5206,6281,0.206493,0.171151,-2700,2750,-1000,,"(642,211,759,341)"
X-2700_Y2750_Z-1000_ROI1,X-2700_Y2750_Z-1000,0.874974,786x781,71x57,308,950,1258,0.324211,0.244833,-2700,2750,-1000,,"(472,211,543,268)"
X-2700_Y2750_Z-1000_ROI2,X-2700_Y2750_Z-1000,0.837114,786x781,67x52,176,772,948,0.227979,0.185654,-2700,2750,-1000,,"(432,521,499,573)"
X-2700_Y2750_Z-1000_ROI3,X-2700_Y2750_Z-1000,0.542,786x781,53x46,278,496,774,0.560484,0.359173,-2700,2750,-1000,,"(266,500,319,546)"
X-1200_Y3000_Z-1000_ROI0,X-1200_Y3000_Z-1000,0.798932,786x781,36x36,85,457,542,0.185996,0.156827,-1200,3000,-1000,,"(155,0,191,36)"
X-1200_Y3000_Z-1000_ROI1,X-1200_Y3000_Z-1000,0.595177,786x781,27x27,42,165,207,0.254545,0.202899,-1200,3000,-1000,,"(662,233,689,260)"
X-900_Y0_Z-1200_ROI0,X-900_Y0_Z-1200,0.798586,786x781,42x47,137,576,713,0.237847,0.192146,-900,0,-1200,,"(521,613,563,660)"
X-1500_Y0_Z-1200_ROI0,X-1500_Y0_Z-1200,0.799789,786x781,164x151,1855,8221,10076,0.225642,0.184101,-1500,0,-1200,,"(108,96,272,247)"
X-3000_Y0_Z-1200_ROI0,X-3000_Y0_Z-1200,0.727402,786x781,167x152,2993,8071,11064,0.370834,0.270517,-3000,0,-1200,,"(376,627,543,779)"
X-900_Y250_Z-1200_ROI0,X-900_Y250_Z-1200,0.85172,786x781,53x57,172,679,851,0.253314,0.202115,-900,250,-1200,,"(269,412,322,469)"
X-900_Y250_Z-1200_ROI1,X-900_Y250_Z-1200,0.805857,786x781,92x162,943,6062,7005,0.155559,0.134618,-900,250,-1200,,"(0,0,92,162)"
X-900_Y250_Z-1200_ROI2,X-900_Y250_Z-1200,0.590701,786x781,76x85,344,1901,2245,0.180957,0.153229,-900,250,-1200,,"(202,443,278,528)"
X-1200_Y250_Z-1200_ROI0,X-1200_Y250_Z-1200,0.577706,786x781,141x121,706,6325,7031,0.111621,0.100412,-1200,250,-1200,,"(195,24,336,145)"
X-900_Y500_Z-1200_ROI0,X-900_Y500_Z-1200,0.835461,786x781,154x170,1316,8313,9629,0.158306,0.13667,-900,500,-1200,,"(558,6,712,176)"
X-900_Y500_Z-1200_ROI1,X-900_Y500_Z-1200,0.756188,786x781,43x48,132,571,703,0.231173,0.187767,-900,500,-1200,,"(562,713,605,761)"
X-1200_Y500_Z-1200_ROI0,X-1200_Y500_Z-1200,0.875394,786x781,76x70,371,2133,2504,0.173933,0.148163,-1200,500,-1200,,"(274,0,350,70)"
X-2700_Y500_Z-1200_ROI0,X-2700_Y500_Z-1200,0.803048,786x781,45x50,65,610,675,0.106557,0.096296,-2700,500,-1200,,"(452,258,497,308)"
X-2400_Y750_Z-1200_ROI0,X-2400_Y750_Z-1200,0.655068,786x781,27x26,43,138,181,0.311594,0.237569,-2400,750,-1200,,"(458,171,485,197)"
X-2700_Y750_Z-1200_ROI0,X-2700_Y750_Z-1200,0.859638,786x781,57x60,198,1028,1226,0.192607,0.161501,-2700,750,-1200,,"(212,355,269,415)"
X-2700_Y750_Z-1200_ROI1,X-2700_Y750_Z-1200,0.857949,786x781,83x83,433,2261,2694,0.191508,0.160728,-2700,750,-1200,,"(563,461,646,544)"
X-2700_Y750_Z-1200_ROI2,X-2700_Y750_Z-1200,0.737213,786x781,31x39,46,302,348,0.152318,0.132184,-2700,750,-1200,,"(26,442,57,481)"
X-2700_Y750_Z-1200_ROI3,X-2700_Y750_Z-1200,0.572584,786x781,29x27,43,236,279,0.182203,0.154122,-2700,750,-1200,,"(203,727,232,754)"
X-3000_Y750_Z-1200_ROI0,X-3000_Y750_Z-1200,0.533472,786x781,69x61,262,1267,1529,0.206788,0.171354,-3000,750,-1200,,"(361,141,430,202)"
X-3000_Y750_Z-1200_ROI1,X-3000_Y750_Z-1200,0.507721,786x781,137x194,2473,12309,14782,0.20091,0.167298,-3000,750,-1200,,"(20,93,157,287)"
X-1800_Y1000_Z-1200_ROI0,X-1800_Y1000_Z-1200,0.878333,786x781,75x77,535,1871,2406,0.285943,0.222361,-1800,1000,-1200,,"(238,610,313,687)"
X-2700_Y1000_Z-1200_ROI0,X-2700_Y1000_Z-1200,0.798691,786x781,48x40,113,395,508,0.286076,0.222441,-2700,1000,-1200,,"(7,464,55,504)"
X-900_Y1250_Z-1200_ROI0,X-900_Y1250_Z-1200,0.83192,786x781,64x68,191,1387,1578,0.137707,0.121039,-900,1250,-1200,,"(312,489,376,557)"
X-900_Y1250_Z-1200_ROI1,X-900_Y1250_Z-1200,0.636776,786x781,77x73,363,1826,2189,0.198795,0.165829,-900,1250,-1200,,"(143,667,220,740)"
X-1200_Y1250_Z-1200_ROI0,X-1200_Y1250_Z-1200,0.783362,786x781,71x74,357,1627,1984,0.219422,0.17994,-1200,1250,-1200,,"(395,20,466,94)"
X-1200_Y1250_Z-1200_ROI1,X-1200_Y1250_Z-1200,0.761166,786x781,73x79,266,1749,2015,0.152087,0.13201,-1200,1250,-1200,,"(424,116,497,195)"
X-1500_Y1250_Z-1200_ROI0,X-1500_Y1250_Z-1200,0.562995,786x781,209x227,2817,19944,22761,0.141245,0.123764,-1500,1250,-1200,,"(154,54,363,281)"
X-2400_Y1250_Z-1200_ROI0,X-2400_Y1250_Z-1200,0.753503,786x781,135x153,805,8086,8891,0.099555,0.090541,-2400,1250,-1200,,"(101,290,236,443)"
X-2400_Y1250_Z-1200_ROI1,X-2400_Y1250_Z-1200,0.702555,786x781,44x86,271,1416,1687,0.191384,0.16064,-2400,1250,-1200,,"(0,9,44,95)"
X-2700_Y1250_Z-1200_ROI0,X-2700_Y1250_Z-1200,0.794978,786x781,47x40,111,408,519,0.272059,0.213873,-2700,1250,-1200,,"(702,471,749,511)"
X-1800_Y1500_Z-1200_ROI0,X-1800_Y1500_Z-1200,0.853604,786x781,92x108,386,3222,3608,0.119801,0.106984,-1800,1500,-1200,,"(0,586,92,694)"
X-1800_Y1500_Z-1200_ROI1,X-1800_Y1500_Z-1200,0.772225,786x781,42x37,90,368,458,0.244565,0.196507,-1800,1500,-1200,,"(57,282,99,319)"
X-2400_Y1500_Z-1200_ROI0,X-2400_Y1500_Z-1200,0.830658,786x781,76x83,406,1781,2187,0.227962,0.185642,-2400,1500,-1200,,"(596,28,672,111)"
X-2400_Y1500_Z-1200_ROI1,X-2400_Y1500_Z-1200,0.724969,786x781,107x117,411,4517,4928,0.09099,0.083401,-2400,1500,-1200,,"(213,361,320,478)"
X-1500_Y1750_Z-1200_ROI0,X-1500_Y1750_Z-1200,0.861838,786x781,60x62,297,966,1263,0.307453,0.235154,-1500,1750,-1200,,"(360,525,420,587)"
X-1500_Y1750_Z-1200_ROI1,X-1500_Y1750_Z-1200,0.849339,786x781,158x155,965,8828,9793,0.109311,0.09854,-1500,1750,-1200,,"(39,358,197,513)"
X-1500_Y1750_Z-1200_ROI2,X-1500_Y1750_Z-1200,0.768614,786x781,33x33,60,248,308,0.241935,0.194805,-1500,1750,-1200,,"(312,268,345,301)"
X-1500_Y1750_Z-1200_ROI3,X-1500_Y1750_Z-1200,0.760369,786x781,26x26,38,142,180,0.267606,0.211111,-1500,1750,-1200,,"(282,260,308,286)"
X-1500_Y1750_Z-1200_ROI4,X-1500_Y1750_Z-1200,0.529197,786x781,50x49,90,742,832,0.121294,0.108173,-1500,1750,-1200,,"(150,276,200,325)"
X-1800_Y1750_Z-1200_ROI0,X-1800_Y1750_Z-1200,0.826157,786x781,107x110,362,3389,3751,0.106816,0.096508,-1800,1750,-1200,,"(677,597,784,707)"
X-2700_Y1750_Z-1200_ROI0,X-2700_Y1750_Z-1200,0.658403,786x781,27x39,72,366,438,0.196721,0.164384,-2700,1750,-1200,,"(0,54,27,93)"
X-1500_Y2000_Z-1200_ROI0,X-1500_Y2000_Z-1200,0.841916,786x781,49x55,180,647,827,0.278207,0.217654,-1500,2000,-1200,,"(51,217,100,272)"
X-1800_Y2000_Z-1200_ROI0,X-1800_Y2000_Z-1200,0.830152,786x781,48x55,194,728,922,0.266484,0.210412,-1800,2000,-1200,,"(489,147,537,202)"
X-900_Y2250_Z-1200_ROI0,X-900_Y2250_Z-1200,0.837011,786x781,65x62,214,1273,1487,0.168107,0.143914,-900,2250,-1200,,"(159,6,224,68)"
X-1500_Y2250_Z-1200_ROI0,X-1500_Y2250_Z-1200,0.895453,786x781,91x86,394,2317,2711,0.170047,0.145334,-1500,2250,-1200,,"(188,388,279,474)"
X-1500_Y2250_Z-1200_ROI1,X-1500_Y2250_Z-1200,0.797322,786x781,39x55,150,682,832,0.219941,0.180288,-1500,2250,-1200,,"(747,226,786,281)"
X-1500_Y2250_Z-1200_ROI2,X-1500_Y2250_Z-1200,0.75221,786x781,40x39,73,426,499,0.171362,0.146293,-1500,2250,-1200,,"(95,421,135,460)"
X-1500_Y2250_Z-1200_ROI3,X-1500_Y2250_Z-1200,0.650873,786x781,52x54,201,840,1041,0.239286,0.193084,-1500,2250,-1200,,"(156,143,208,197)"
X-2400_Y2250_Z-1200_ROI0,X-2400_Y2250_Z-1200,0.601528,786x781,31x29,54,201,255,0.268657,0.211765,-2400,2250,-1200,,"(126,627,157,656)"
X-600_Y2500_Z-1200_ROI0,X-600_Y2500_Z-1200,0.660005,786x781,144x140,864,7382,8246,0.117041,0.104778,-600,2500,-1200,,"(302,322,446,462)"
X-900_Y2500_Z-1200_ROI0,X-900_Y2500_Z-1200,0.708814,786x781,32x84,295,567,862,0.520282,0.342227,-900,2500,-1200,,"(0,598,32,682)"
X-900_Y2500_Z-1200_ROI1,X-900_Y2500_Z-1200,0.69827,786x781,56x59,190,817,1007,0.232558,0.188679,-900,2500,-1200,,"(23,694,79,753)"
X-1500_Y2500_Z-1200_ROI0,X-1500_Y2500_Z-1200,0.806914,786x781,41x38,82,426,508,0.192488,0.161417,-1500,2500,-1200,,"(722,426,763,464)"
X-2400_Y2500_Z-1200_ROI0,X-2400_Y2500_Z-1200,0.503428,786x781,32x29,81,196,277,0.413265,0.292419,-2400,2500,-1200,,"(753,638,785,667)"
X-2700_Y2500_Z-1200_ROI0,X-2700_Y2500_Z-1200,0.506223,786x781,65x100,0,1209,1209,0.0,0.0,-2700,2500,-1200,,"(721,596,786,696)"
X-900_Y2750_Z-1200_ROI0,X-900_Y2750_Z-1200,0.852125,786x781,71x70,378,1516,1894,0.24934,0.199578,-900,2750,-1200,,"(417,426,488,496)"
X-900_Y2750_Z-1200_ROI1,X-900_Y2750_Z-1200,0.815289,786x781,53x58,177,852,1029,0.207746,0.172012,-900,2750,-1200,,"(722,713,775,771)"
X-900_Y2750_Z-1200_ROI2,X-900_Y2750_Z-1200,0.744856,786x781,35x40,96,360,456,0.266667,0.210526,-900,2750,-1200,,"(658,241,693,281)"
X-900_Y2750_Z-1200_ROI3,X-900_Y2750_Z-1200,0.744415,786x781,35x32,63,313,376,0.201278,0.167553,-900,2750,-1200,,"(617,713,652,745)"
X-900_Y2750_Z-1200_ROI4,X-900_Y2750_Z-1200,0.710991,786x781,82x85,428,2725,3153,0.157064,0.135744,-900,2750,-1200,,"(647,615,729,700)"
X-1200_Y2750_Z-1200_ROI0,X-1200_Y2750_Z-1200,0.622271,786x781,25x26,59,138,197,0.427536,0.299492,-1200,2750,-1200,,"(576,475,601,501)"
X-1800_Y2750_Z-1200_ROI0,X-1800_Y2750_Z-1200,0.850514,786x781,95x103,584,2839,3423,0.205706,0.170611,-1800,2750,-1200,,"(473,444,568,547)"
X-2700_Y2750_Z-1200_ROI0,X-2700_Y2750_Z-1200,0.85036,786x781,57x49,183,677,860,0.27031,0.212791,-2700,2750,-1200,,"(74,452,131,501)"
X-1200_Y3000_Z-1200_ROI0,X-1200_Y3000_Z-1200,0.848345,786x781,58x57,186,897,1083,0.207358,0.171745,-1200,3000,-1200,,"(663,264,721,321)"
X-2700_Y3000_Z-1200_ROI0,X-2700_Y3000_Z-1200,0.822945,786x781,41x36,97,350,447,0.277143,0.217002,-2700,3000,-1200,,"(532,413,573,449)"
X-2700_Y3000_Z-1200_ROI1,X-2700_Y3000_Z-1200,0.780115,786x781,77x72,503,1760,2263,0.285795,0.222271,-2700,3000,-1200,,"(273,234,350,306)"
X-2700_Y3000_Z-1200_ROI2,X-2700_Y3000_Z-1200,0.769951,786x781,39x32,75,314,389,0.238854,0.192802,-2700,3000,-1200,,"(647,439,686,471)"
X-2700_Y0_Z-1400_ROI0,X-2700_Y0_Z-1400,0.877174,786x781,71x60,126,1307,1433,0.096404,0.087927,-2700,0,-1400,,"(217,189,288,249)"
X-2400_Y500_Z-1400_ROI0,X-2400_Y500_Z-1400,0.846963,786x781,67x58,160,1118,1278,0.143113,0.125196,-2400,500,-1400,,"(499,491,566,549)"
X-2700_Y500_Z-1400_ROI0,X-2700_Y500_Z-1400,0.871657,786x781,78x81,612,1969,2581,0.310818,0.237117,-2700,500,-1400,,"(164,686,242,767)"
X0_Y750_Z-1400_ROI0,X0_Y750_Z-1400,0.73253,786x781,23x21,34,109,143,0.311927,0.237762,0,750,-1400,,"(610,652,633,673)"
X-1200_Y750_Z-1400_ROI0,X-1200_Y750_Z-1400,0.744803,786x781,76x80,598,1963,2561,0.304636,0.233503,-1200,750,-1400,,"(272,40,348,120)"
X-2100_Y750_Z-1400_ROI0,X-2100_Y750_Z-1400,0.536222,786x781,68x53,245,998,1243,0.245491,0.197104,-2100,750,-1400,,"(96,30,164,83)"
X-2700_Y750_Z-1400_ROI0,X-2700_Y750_Z-1400,0.89415,786x781,80x82,487,2103,2590,0.231574,0.188031,-2700,750,-1400,,"(566,437,646,519)"
X-2700_Y750_Z-1400_ROI1,X-2700_Y750_Z-1400,0.795488,786x781,51x50,138,706,844,0.195467,0.163507,-2700,750,-1400,,"(376,296,427,346)"
X-2700_Y750_Z-1400_ROI2,X-2700_Y750_Z-1400,0.785625,786x781,26x28,47,190,237,0.247368,0.198312,-2700,750,-1400,,"(688,585,714,613)"
X-2700_Y750_Z-1400_ROI3,X-2700_Y750_Z-1400,0.755749,786x781,43x37,161,327,488,0.492355,0.329918,-2700,750,-1400,,"(15,625,58,662)"
X-3000_Y750_Z-1400_ROI0,X-3000_Y750_Z-1400,0.858701,786x781,72x66,302,1448,1750,0.208564,0.172571,-3000,750,-1400,,"(362,119,434,185)"
X-3000_Y750_Z-1400_ROI1,X-3000_Y750_Z-1400,0.821087,786x781,35x37,89,403,492,0.220844,0.180894,-3000,750,-1400,,"(534,347,569,384)"
X-3000_Y750_Z-1400_ROI2,X-3000_Y750_Z-1400,0.781465,786x781,31x29,62,250,312,0.248,0.198718,-3000,750,-1400,,"(469,463,500,492)"
X-3000_Y750_Z-1400_ROI3,X-3000_Y750_Z-1400,0.640027,786x781,54x51,224,682,906,0.328446,0.247241,-3000,750,-1400,,"(228,450,282,501)"
X-3000_Y750_Z-1400_ROI4,X-3000_Y750_Z-1400,0.546502,786x781,158x199,2590,12401,14991,0.208854,0.17277,-3000,750,-1400,,"(6,77,164,276)"
X-1800_Y1000_Z-1400_ROI0,X-1800_Y1000_Z-1400,0.832716,786x781,49x47,107,731,838,0.146375,0.127685,-1800,1000,-1400,,"(150,40,199,87)"
X-2700_Y1000_Z-1400_ROI0,X-2700_Y1000_Z-1400,0.807218,786x781,42x34,114,357,471,0.319328,0.242038,-2700,1000,-1400,,"(727,638,769,672)"
X-900_Y1250_Z-1400_ROI0,X-900_Y1250_Z-1400,0.841705,786x781,44x43,113,655,768,0.172519,0.147135,-900,1250,-1400,,"(282,534,326,577)"
X-900_Y1250_Z-1400_ROI1,X-900_Y1250_Z-1400,0.832265,786x781,45x44,119,751,870,0.158455,0.136782,-900,1250,-1400,,"(261,474,306,518)"
X-2400_Y1250_Z-1400_ROI0,X-2400_Y1250_Z-1400,0.850534,786x781,134x156,1726,7180,8906,0.24039,0.193802,-2400,1250,-1400,,"(104,270,238,426)"
X-1800_Y1500_Z-1400_ROI0,X-1800_Y1500_Z-1400,0.88561,786x781,90x92,437,2373,2810,0.184155,0.155516,-1800,1500,-1400,,"(168,384,258,476)"
X-1800_Y1500_Z-1400_ROI1,X-1800_Y1500_Z-1400,0.876817,786x781,97x110,396,2969,3365,0.133378,0.117682,-1800,1500,-1400,,"(205,560,302,670)"
X-2100_Y1500_Z-1400_ROI0,X-2100_Y1500_Z-1400,0.857861,786x781,73x76,318,1893,2211,0.167987,0.143826,-2100,1500,-1400,,"(118,3,191,79)"
X-2100_Y1500_Z-1400_ROI1,X-2100_Y1500_Z-1400,0.814456,786x781,115x135,630,4409,5039,0.14289,0.125025,-2100,1500,-1400,,"(190,176,305,311)"
X-2100_Y1500_Z-1400_ROI2,X-2100_Y1500_Z-1400,0.774335,786x781,83x94,390,2076,2466,0.187861,0.158151,-2100,1500,-1400,,"(341,295,424,389)"
X-2400_Y1500_Z-1400_ROI0,X-2400_Y1500_Z-1400,0.710815,786x781,58x154,138,2690,2828,0.051301,0.048798,-2400,1500,-1400,,"(727,280,785,434)"
X-1500_Y1750_Z-1400_ROI0,X-1500_Y1750_Z-1400,0.83921,786x781,155x159,1947,8474,10421,0.229762,0.186834,-1500,1750,-1400,,"(41,337,196,496)"
X-2400_Y1750_Z-1400_ROI0,X-2400_Y1750_Z-1400,0.875982,786x781,69x75,430,1637,2067,0.262676,0.208031,-2400,1750,-1400,,"(181,31,250,106)"
X-1200_Y2000_Z-1400_ROI0,X-1200_Y2000_Z-1400,0.807595,786x781,36x35,104,308,412,0.337662,0.252427,-1200,2000,-1400,,"(173,531,209,566)"
X-1200_Y2000_Z-1400_ROI1,X-1200_Y2000_Z-1400,0.749979,786x781,55x48,226,727,953,0.310867,0.237146,-1200,2000,-1400,,"(95,508,150,556)"
X-1500_Y2000_Z-1400_ROI0,X-1500_Y2000_Z-1400,0.696076,786x781,32x44,75,456,531,0.164474,0.141243,-1500,2000,-1400,,"(0,119,32,163)"
X-1800_Y2000_Z-1400_ROI0,X-1800_Y2000_Z-1400,0.719601,786x781,60x60,166,1110,1276,0.14955,0.130094,-1800,2000,-1400,,"(458,192,518,252)"
X-600_Y2250_Z-1400_ROI0,X-600_Y2250_Z-1400,0.743317,786x781,80x89,663,1994,2657,0.332497,0.24953,-600,2250,-1400,,"(50,100,130,189)"
X-900_Y2250_Z-1400_ROI0,X-900_Y2250_Z-1400,0.86387,786x781,78x75,317,1835,2152,0.172752,0.147305,-900,2250,-1400,,"(202,309,280,384)"
X-1200_Y2250_Z-1400_ROI0,X-1200_Y2250_Z-1400,0.565282,786x781,163x144,1978,8661,10639,0.22838,0.18592,-1200,2250,-1400,,"(525,339,688,483)"
X-1500_Y2250_Z-1400_ROI0,X-1500_Y2250_Z-1400,0.838406,786x781,47x40,91,580,671,0.156897,0.135618,-1500,2250,-1400,,"(680,130,727,170)"
X-2400_Y2250_Z-1400_ROI0,X-2400_Y2250_Z-1400,0.844691,786x781,55x45,191,597,788,0.319933,0.242386,-2400,2250,-1400,,"(213,604,268,649)"
X-2700_Y2250_Z-1400_ROI0,X-2700_Y2250_Z-1400,0.732788,786x781,81x76,554,1955,2509,0.283376,0.220805,-2700,2250,-1400,,"(325,36,406,112)"
X-600_Y2500_Z-1400_ROI0,X-600_Y2500_Z-1400,0.876696,786x781,91x92,562,2545,3107,0.220825,0.180882,-600,2500,-1400,,"(440,514,531,606)"
X-600_Y2500_Z-1400_ROI1,X-600_Y2500_Z-1400,0.838996,786x781,146x142,1288,7021,8309,0.18345,0.155013,-600,2500,-1400,,"(298,302,444,444)"
X-2100_Y2500_Z-1400_ROI0,X-2100_Y2500_Z-1400,0.811827,786x781,46x42,111,472,583,0.235169,0.190395,-2100,2500,-1400,,"(549,370,595,412)"
X-2700_Y3000_Z-1400_ROI0,X-2700_Y3000_Z-1400,0.848522,786x781,53x51,196,800,996,0.245,0.196787,-2700,3000,-1400,,"(86,215,139,266)"
