时间(s),温度(°C),气液比,气相像素,液相像素,总像素,清晰度,Z轴位置,可视化图
"=HYPERLINK(""segmentation_visualizations/frame_0001_T29.53.png"",""2.59s"")",29.53,0.2178460743801653,1687,7744,9431,59.4,-600,C:\Users\chenj\Desktop\homogenization_results\X-1200_Y500_Z-600_ROI0_20260502_172951\segmentation_visualizations\frame_0001_T29.53.png
"=HYPERLINK(""segmentation_visualizations/frame_0002_T31.86.png"",""6.63s"")",31.86,0.21333848332689584,1657,7767,9424,59.02,-600,C:\Users\chenj\Desktop\homogenization_results\X-1200_Y500_Z-600_ROI0_20260502_172951\segmentation_visualizations\frame_0002_T31.86.png
"=HYPERLINK(""segmentation_visualizations/frame_0003_T34.66.png"",""10.56s"")",34.66,0.20477903391572455,1594,7784,9378,57.65,-600,C:\Users\chenj\Desktop\homogenization_results\X-1200_Y500_Z-600_ROI0_20260502_172951\segmentation_visualizations\frame_0003_T34.66.png
"=HYPERLINK(""segmentation_visualizations/frame_0004_T37.44.png"",""14.58s"")",37.44,0.20520046112463175,1602,7807,9409,56.34,-600,C:\Users\chenj\Desktop\homogenization_results\X-1200_Y500_Z-600_ROI0_20260502_172951\segmentation_visualizations\frame_0004_T37.44.png
"=HYPERLINK(""segmentation_visualizations/frame_0005_T40.22.png"",""18.59s"")",40.22,0.19895154072369262,1556,7821,9377,56.63,-600,C:\Users\chenj\Desktop\homogenization_results\X-1200_Y500_Z-600_ROI0_20260502_172951\segmentation_visualizations\frame_0005_T40.22.png
"=HYPERLINK(""segmentation_visualizations/frame_0006_T42.92.png"",""22.61s"")",42.92,0.18365019011406844,1449,7890,9339,56.26,-600,C:\Users\chenj\Desktop\homogenization_results\X-1200_Y500_Z-600_ROI0_20260502_172951\segmentation_visualizations\frame_0006_T42.92.png
"=HYPERLINK(""segmentation_visualizations/frame_0007_T45.63.png"",""26.76s"")",45.63,0.17439959763611215,1387,7953,9340,57.02,-600,C:\Users\chenj\Desktop\homogenization_results\X-1200_Y500_Z-600_ROI0_20260502_172951\segmentation_visualizations\frame_0007_T45.63.png
"=HYPERLINK(""segmentation_visualizations/frame_0008_T48.33.png"",""30.60s"")",48.33,0.16777097137142144,1342,7999,9341,55.21,-600,C:\Users\chenj\Desktop\homogenization_results\X-1200_Y500_Z-600_ROI0_20260502_172951\segmentation_visualizations\frame_0008_T48.33.png
"=HYPERLINK(""segmentation_visualizations/frame_0009_T51.06.png"",""34.58s"")",51.06,0.1491835724888669,1206,8084,9290,57.09,-600,C:\Users\chenj\Desktop\homogenization_results\X-1200_Y500_Z-600_ROI0_20260502_172951\segmentation_visualizations\frame_0009_T51.06.png
"=HYPERLINK(""segmentation_visualizations/frame_0010_T53.75.png"",""38.58s"")",53.75,0.13188546469303566,1087,8242,9329,56.68,-600,C:\Users\chenj\Desktop\homogenization_results\X-1200_Y500_Z-600_ROI0_20260502_172951\segmentation_visualizations\frame_0010_T53.75.png
"=HYPERLINK(""segmentation_visualizations/frame_0011_T56.4.png"",""42.69s"")",56.4,0.11646538323568098,974,8363,9337,56.84,-600,C:\Users\chenj\Desktop\homogenization_results\X-1200_Y500_Z-600_ROI0_20260502_172951\segmentation_visualizations\frame_0011_T56.4.png
"=HYPERLINK(""segmentation_visualizations/frame_0012_T59.08.png"",""46.65s"")",59.08,0.11559043881555477,972,8409,9381,57.0,-600,C:\Users\chenj\Desktop\homogenization_results\X-1200_Y500_Z-600_ROI0_20260502_172951\segmentation_visualizations\frame_0012_T59.08.png
"=HYPERLINK(""segmentation_visualizations/frame_0013_T61.78.png"",""86.51s"")",61.78,0.21774506005424255,1686,7743,9429,59.97,-760,C:\Users\chenj\Desktop\homogenization_results\X-1200_Y500_Z-600_ROI0_20260502_172951\segmentation_visualizations\frame_0013_T61.78.png
"=HYPERLINK(""segmentation_visualizations/frame_0014_T62.82.png"",""88.05s"")",62.82,0.21661759057739086,1692,7811,9503,59.72,-760,C:\Users\chenj\Desktop\homogenization_results\X-1200_Y500_Z-600_ROI0_20260502_172951\segmentation_visualizations\frame_0014_T62.82.png
"=HYPERLINK(""segmentation_visualizations/frame_0015_T65.6.png"",""91.99s"")",65.6,0.21701855406269993,1696,7815,9511,60.26,-760,C:\Users\chenj\Desktop\homogenization_results\X-1200_Y500_Z-600_ROI0_20260502_172951\segmentation_visualizations\frame_0015_T65.6.png
"=HYPERLINK(""segmentation_visualizations/frame_0016_T68.3.png"",""96.02s"")",68.3,0.21095750128008192,1648,7812,9460,57.5,-760,C:\Users\chenj\Desktop\homogenization_results\X-1200_Y500_Z-600_ROI0_20260502_172951\segmentation_visualizations\frame_0016_T68.3.png
"=HYPERLINK(""segmentation_visualizations/frame_0017_T71.01.png"",""100.01s"")",71.01,0.21101738241308793,1651,7824,9475,59.29,-760,C:\Users\chenj\Desktop\homogenization_results\X-1200_Y500_Z-600_ROI0_20260502_172951\segmentation_visualizations\frame_0017_T71.01.png
"=HYPERLINK(""segmentation_visualizations/frame_0018_T73.75.png"",""103.98s"")",73.75,0.20707134710429603,1634,7891,9525,58.55,-760,C:\Users\chenj\Desktop\homogenization_results\X-1200_Y500_Z-600_ROI0_20260502_172951\segmentation_visualizations\frame_0018_T73.75.png
"=HYPERLINK(""segmentation_visualizations/frame_0019_T76.42.png"",""108.03s"")",76.42,0.19954245043213015,1570,7868,9438,57.75,-760,C:\Users\chenj\Desktop\homogenization_results\X-1200_Y500_Z-600_ROI0_20260502_172951\segmentation_visualizations\frame_0019_T76.42.png
"=HYPERLINK(""segmentation_visualizations/frame_0020_T79.11.png"",""112.01s"")",79.11,0.19806270711190416,1554,7846,9400,57.18,-760,C:\Users\chenj\Desktop\homogenization_results\X-1200_Y500_Z-600_ROI0_20260502_172951\segmentation_visualizations\frame_0020_T79.11.png
"=HYPERLINK(""segmentation_visualizations/frame_0021_T81.79.png"",""116.08s"")",81.79,0.19254185692541856,1518,7884,9402,57.43,-760,C:\Users\chenj\Desktop\homogenization_results\X-1200_Y500_Z-600_ROI0_20260502_172951\segmentation_visualizations\frame_0021_T81.79.png
"=HYPERLINK(""segmentation_visualizations/frame_0022_T84.47.png"",""119.99s"")",84.47,0.1909900865855189,1522,7969,9491,57.49,-760,C:\Users\chenj\Desktop\homogenization_results\X-1200_Y500_Z-600_ROI0_20260502_172951\segmentation_visualizations\frame_0022_T84.47.png
"=HYPERLINK(""segmentation_visualizations/frame_0023_T87.18.png"",""124.07s"")",87.18,0.18520835940432986,1480,7991,9471,57.96,-760,C:\Users\chenj\Desktop\homogenization_results\X-1200_Y500_Z-600_ROI0_20260502_172951\segmentation_visualizations\frame_0023_T87.18.png
"=HYPERLINK(""segmentation_visualizations/frame_0024_T89.86.png"",""128.02s"")",89.86,0.17882617945188337,1429,7991,9420,57.04,-760,C:\Users\chenj\Desktop\homogenization_results\X-1200_Y500_Z-600_ROI0_20260502_172951\segmentation_visualizations\frame_0024_T89.86.png
"=HYPERLINK(""segmentation_visualizations/frame_0025_T92.53.png"",""167.91s"")",92.53,0.2105465742879138,1641,7794,9435,57.28,-760,C:\Users\chenj\Desktop\homogenization_results\X-1200_Y500_Z-600_ROI0_20260502_172951\segmentation_visualizations\frame_0025_T92.53.png
"=HYPERLINK(""segmentation_visualizations/frame_0026_T93.71.png"",""169.63s"")",93.71,0.20697112326675995,1627,7861,9488,56.85,-760,C:\Users\chenj\Desktop\homogenization_results\X-1200_Y500_Z-600_ROI0_20260502_172951\segmentation_visualizations\frame_0026_T93.71.png
"=HYPERLINK(""segmentation_visualizations/frame_0027_T96.4.png"",""174.99s"")",96.4,0.19699286442405708,1546,7848,9394,55.99,-760,C:\Users\chenj\Desktop\homogenization_results\X-1200_Y500_Z-600_ROI0_20260502_172951\segmentation_visualizations\frame_0027_T96.4.png
"=HYPERLINK(""segmentation_visualizations/frame_0028_T99.16.png"",""177.75s"")",99.16,0.18256165072974334,1451,7948,9399,57.47,-760,C:\Users\chenj\Desktop\homogenization_results\X-1200_Y500_Z-600_ROI0_20260502_172951\segmentation_visualizations\frame_0028_T99.16.png
"=HYPERLINK(""segmentation_visualizations/frame_0029_T101.86.png"",""181.40s"")",101.86,0.17735849056603772,1410,7950,9360,56.16,-760,C:\Users\chenj\Desktop\homogenization_results\X-1200_Y500_Z-600_ROI0_20260502_172951\segmentation_visualizations\frame_0029_T101.86.png
"=HYPERLINK(""segmentation_visualizations/frame_0030_T104.56.png"",""185.47s"")",104.56,0.1685379241516966,1351,8016,9367,55.14,-760,C:\Users\chenj\Desktop\homogenization_results\X-1200_Y500_Z-600_ROI0_20260502_172951\segmentation_visualizations\frame_0030_T104.56.png
"=HYPERLINK(""segmentation_visualizations/frame_0031_T107.25.png"",""189.50s"")",107.25,0.16013354766909854,1295,8087,9382,56.22,-760,C:\Users\chenj\Desktop\homogenization_results\X-1200_Y500_Z-600_ROI0_20260502_172951\segmentation_visualizations\frame_0031_T107.25.png
"=HYPERLINK(""segmentation_visualizations/frame_0032_T109.94.png"",""193.36s"")",109.94,0.16810506566604128,1344,7995,9339,53.95,-760,C:\Users\chenj\Desktop\homogenization_results\X-1200_Y500_Z-600_ROI0_20260502_172951\segmentation_visualizations\frame_0032_T109.94.png
"=HYPERLINK(""segmentation_visualizations/frame_0033_T112.62.png"",""197.41s"")",112.62,0.16188575704664504,1298,8018,9316,56.22,-760,C:\Users\chenj\Desktop\homogenization_results\X-1200_Y500_Z-600_ROI0_20260502_172951\segmentation_visualizations\frame_0033_T112.62.png
"=HYPERLINK(""segmentation_visualizations/frame_0034_T115.3.png"",""201.46s"")",115.3,0.179658033693739,1429,7954,9383,55.84,-760,C:\Users\chenj\Desktop\homogenization_results\X-1200_Y500_Z-600_ROI0_20260502_172951\segmentation_visualizations\frame_0034_T115.3.png
"=HYPERLINK(""segmentation_visualizations/frame_0035_T117.97.png"",""205.41s"")",117.97,0.17338507761642463,1385,7988,9373,55.2,-760,C:\Users\chenj\Desktop\homogenization_results\X-1200_Y500_Z-600_ROI0_20260502_172951\segmentation_visualizations\frame_0035_T117.97.png
"=HYPERLINK(""segmentation_visualizations/frame_0036_T120.58.png"",""209.60s"")",120.58,0.1738532683414573,1391,8001,9392,53.54,-760,C:\Users\chenj\Desktop\homogenization_results\X-1200_Y500_Z-600_ROI0_20260502_172951\segmentation_visualizations\frame_0036_T120.58.png
"=HYPERLINK(""segmentation_visualizations/frame_0037_T123.32.png"",""249.25s"")",123.32,0.18753174200101574,1477,7876,9353,57.96,-880,C:\Users\chenj\Desktop\homogenization_results\X-1200_Y500_Z-600_ROI0_20260502_172951\segmentation_visualizations\frame_0037_T123.32.png
"=HYPERLINK(""segmentation_visualizations/frame_0038_T124.45.png"",""250.82s"")",124.45,0.19122137404580153,1503,7860,9363,58.34,-880,C:\Users\chenj\Desktop\homogenization_results\X-1200_Y500_Z-600_ROI0_20260502_172951\segmentation_visualizations\frame_0038_T124.45.png
"=HYPERLINK(""segmentation_visualizations/frame_0039_T127.19.png"",""254.73s"")",127.19,0.18490805326569434,1458,7885,9343,55.59,-880,C:\Users\chenj\Desktop\homogenization_results\X-1200_Y500_Z-600_ROI0_20260502_172951\segmentation_visualizations\frame_0039_T127.19.png
"=HYPERLINK(""segmentation_visualizations/frame_0040_T129.9.png"",""258.75s"")",129.9,0.18411734951947395,1456,7908,9364,57.38,-880,C:\Users\chenj\Desktop\homogenization_results\X-1200_Y500_Z-600_ROI0_20260502_172951\segmentation_visualizations\frame_0040_T129.9.png
"=HYPERLINK(""segmentation_visualizations/frame_0041_T132.61.png"",""262.82s"")",132.61,0.18505834601725013,1459,7884,9343,57.51,-880,C:\Users\chenj\Desktop\homogenization_results\X-1200_Y500_Z-600_ROI0_20260502_172951\segmentation_visualizations\frame_0041_T132.61.png
"=HYPERLINK(""segmentation_visualizations/frame_0042_T135.2.png"",""266.91s"")",135.2,0.1768492804847261,1401,7922,9323,55.58,-880,C:\Users\chenj\Desktop\homogenization_results\X-1200_Y500_Z-600_ROI0_20260502_172951\segmentation_visualizations\frame_0042_T135.2.png
"=HYPERLINK(""segmentation_visualizations/frame_0043_T137.96.png"",""270.76s"")",137.96,0.17488676396577754,1390,7948,9338,56.29,-880,C:\Users\chenj\Desktop\homogenization_results\X-1200_Y500_Z-600_ROI0_20260502_172951\segmentation_visualizations\frame_0043_T137.96.png
"=HYPERLINK(""segmentation_visualizations/frame_0044_T140.64.png"",""274.74s"")",140.64,0.1686822877299068,1339,7938,9277,55.35,-880,C:\Users\chenj\Desktop\homogenization_results\X-1200_Y500_Z-600_ROI0_20260502_172951\segmentation_visualizations\frame_0044_T140.64.png
"=HYPERLINK(""segmentation_visualizations/frame_0045_T143.35.png"",""278.79s"")",143.35,0.16367741126301266,1305,7973,9278,56.17,-880,C:\Users\chenj\Desktop\homogenization_results\X-1200_Y500_Z-600_ROI0_20260502_172951\segmentation_visualizations\frame_0045_T143.35.png
"=HYPERLINK(""segmentation_visualizations/frame_0046_T146.03.png"",""282.87s"")",146.03,0.1599551178157337,1283,8021,9304,56.76,-880,C:\Users\chenj\Desktop\homogenization_results\X-1200_Y500_Z-600_ROI0_20260502_172951\segmentation_visualizations\frame_0046_T146.03.png
"=HYPERLINK(""segmentation_visualizations/frame_0047_T148.7.png"",""286.78s"")",148.7,0.1556744649079144,1251,8036,9287,55.76,-880,C:\Users\chenj\Desktop\homogenization_results\X-1200_Y500_Z-600_ROI0_20260502_172951\segmentation_visualizations\frame_0047_T148.7.png
"=HYPERLINK(""segmentation_visualizations/frame_0048_T151.38.png"",""290.81s"")",151.38,0.1539320267923592,1241,8062,9303,55.52,-880,C:\Users\chenj\Desktop\homogenization_results\X-1200_Y500_Z-600_ROI0_20260502_172951\segmentation_visualizations\frame_0048_T151.38.png
"=HYPERLINK(""segmentation_visualizations/frame_0049_T154.05.png"",""330.57s"")",154.05,0.17255743499116385,1367,7922,9289,56.73,-960,C:\Users\chenj\Desktop\homogenization_results\X-1200_Y500_Z-600_ROI0_20260502_172951\segmentation_visualizations\frame_0049_T154.05.png
"=HYPERLINK(""segmentation_visualizations/frame_0050_T155.28.png"",""332.12s"")",155.28,0.1662912912912913,1329,7992,9321,55.06,-960,C:\Users\chenj\Desktop\homogenization_results\X-1200_Y500_Z-600_ROI0_20260502_172951\segmentation_visualizations\frame_0050_T155.28.png
"=HYPERLINK(""segmentation_visualizations/frame_0051_T157.95.png"",""336.08s"")",157.95,0.16704176044011002,1336,7998,9334,57.44,-960,C:\Users\chenj\Desktop\homogenization_results\X-1200_Y500_Z-600_ROI0_20260502_172951\segmentation_visualizations\frame_0051_T157.95.png
"=HYPERLINK(""segmentation_visualizations/frame_0052_T160.65.png"",""340.02s"")",160.65,0.15786187086299489,1264,8007,9271,55.78,-960,C:\Users\chenj\Desktop\homogenization_results\X-1200_Y500_Z-600_ROI0_20260502_172951\segmentation_visualizations\frame_0052_T160.65.png
"=HYPERLINK(""segmentation_visualizations/frame_0053_T163.35.png"",""344.10s"")",163.35,0.15352234740621518,1240,8077,9317,56.61,-960,C:\Users\chenj\Desktop\homogenization_results\X-1200_Y500_Z-600_ROI0_20260502_172951\segmentation_visualizations\frame_0053_T163.35.png
"=HYPERLINK(""segmentation_visualizations/frame_0054_T166.08.png"",""348.10s"")",166.08,0.15051775147928995,1221,8112,9333,56.68,-960,C:\Users\chenj\Desktop\homogenization_results\X-1200_Y500_Z-600_ROI0_20260502_172951\segmentation_visualizations\frame_0054_T166.08.png
"=HYPERLINK(""segmentation_visualizations/frame_0055_T168.76.png"",""352.05s"")",168.76,0.13804467228121567,1131,8193,9324,56.52,-960,C:\Users\chenj\Desktop\homogenization_results\X-1200_Y500_Z-600_ROI0_20260502_172951\segmentation_visualizations\frame_0055_T168.76.png
"=HYPERLINK(""segmentation_visualizations/frame_0056_T171.41.png"",""356.26s"")",171.41,0.13341433778857836,1098,8230,9328,54.56,-960,C:\Users\chenj\Desktop\homogenization_results\X-1200_Y500_Z-600_ROI0_20260502_172951\segmentation_visualizations\frame_0056_T171.41.png
"=HYPERLINK(""segmentation_visualizations/frame_0057_T174.09.png"",""360.00s"")",174.09,0.13299044819985306,1086,8166,9252,55.47,-960,C:\Users\chenj\Desktop\homogenization_results\X-1200_Y500_Z-600_ROI0_20260502_172951\segmentation_visualizations\frame_0057_T174.09.png
"=HYPERLINK(""segmentation_visualizations/frame_0058_T176.76.png"",""364.11s"")",176.76,0.12430269221440698,1025,8246,9271,56.15,-960,C:\Users\chenj\Desktop\homogenization_results\X-1200_Y500_Z-600_ROI0_20260502_172951\segmentation_visualizations\frame_0058_T176.76.png
"=HYPERLINK(""segmentation_visualizations/frame_0059_T179.44.png"",""371.45s"")",179.44,0.11628465138605544,969,8333,9302,57.0,-960,C:\Users\chenj\Desktop\homogenization_results\X-1200_Y500_Z-600_ROI0_20260502_172951\segmentation_visualizations\frame_0059_T179.44.png
"=HYPERLINK(""segmentation_visualizations/frame_0060_T180.4.png"",""372.98s"")",180.4,0.11367737278960664,945,8313,9258,55.34,-960,C:\Users\chenj\Desktop\homogenization_results\X-1200_Y500_Z-600_ROI0_20260502_172951\segmentation_visualizations\frame_0060_T180.4.png
"=HYPERLINK(""segmentation_visualizations/frame_0061_T181.07.png"",""376.96s"")",181.07,0.11285116557083084,944,8365,9309,54.49,-960,C:\Users\chenj\Desktop\homogenization_results\X-1200_Y500_Z-600_ROI0_20260502_172951\segmentation_visualizations\frame_0061_T181.07.png
"=HYPERLINK(""segmentation_visualizations/frame_0062_T181.71.png"",""381.01s"")",181.71,0.11039272030651341,922,8352,9274,55.17,-960,C:\Users\chenj\Desktop\homogenization_results\X-1200_Y500_Z-600_ROI0_20260502_172951\segmentation_visualizations\frame_0062_T181.71.png
"=HYPERLINK(""segmentation_visualizations/frame_0063_T182.36.png"",""384.87s"")",182.36,0.10962182862613691,916,8356,9272,55.44,-960,C:\Users\chenj\Desktop\homogenization_results\X-1200_Y500_Z-600_ROI0_20260502_172951\segmentation_visualizations\frame_0063_T182.36.png
"=HYPERLINK(""segmentation_visualizations/frame_0064_T183.02.png"",""388.93s"")",183.02,0.10913220176906527,913,8366,9279,56.62,-960,C:\Users\chenj\Desktop\homogenization_results\X-1200_Y500_Z-600_ROI0_20260502_172951\segmentation_visualizations\frame_0064_T183.02.png
"=HYPERLINK(""segmentation_visualizations/frame_0065_T183.67.png"",""428.65s"")",183.67,0.10777152436833912,900,8351,9251,56.42,-960,C:\Users\chenj\Desktop\homogenization_results\X-1200_Y500_Z-600_ROI0_20260502_172951\segmentation_visualizations\frame_0065_T183.67.png
"=HYPERLINK(""segmentation_visualizations/frame_0066_T183.98.png"",""430.17s"")",183.98,0.10693330140102981,893,8351,9244,56.06,-960,C:\Users\chenj\Desktop\homogenization_results\X-1200_Y500_Z-600_ROI0_20260502_172951\segmentation_visualizations\frame_0066_T183.98.png
"=HYPERLINK(""segmentation_visualizations/frame_0067_T184.66.png"",""434.10s"")",184.66,0.10544501370189444,885,8393,9278,55.62,-960,C:\Users\chenj\Desktop\homogenization_results\X-1200_Y500_Z-600_ROI0_20260502_172951\segmentation_visualizations\frame_0067_T184.66.png
"=HYPERLINK(""segmentation_visualizations/frame_0068_T185.33.png"",""438.10s"")",185.33,0.1049242875879337,880,8387,9267,55.03,-960,C:\Users\chenj\Desktop\homogenization_results\X-1200_Y500_Z-600_ROI0_20260502_172951\segmentation_visualizations\frame_0068_T185.33.png
"=HYPERLINK(""segmentation_visualizations/frame_0069_T186.0.png"",""442.16s"")",186.0,0.1039162004523271,873,8401,9274,55.43,-960,C:\Users\chenj\Desktop\homogenization_results\X-1200_Y500_Z-600_ROI0_20260502_172951\segmentation_visualizations\frame_0069_T186.0.png
"=HYPERLINK(""segmentation_visualizations/frame_0070_T186.68.png"",""446.24s"")",186.68,0.10177359838114511,855,8401,9256,54.58,-960,C:\Users\chenj\Desktop\homogenization_results\X-1200_Y500_Z-600_ROI0_20260502_172951\segmentation_visualizations\frame_0070_T186.68.png
"=HYPERLINK(""segmentation_visualizations/frame_0071_T187.35.png"",""450.13s"")",187.35,0.10391314722023383,871,8382,9253,55.15,-960,C:\Users\chenj\Desktop\homogenization_results\X-1200_Y500_Z-600_ROI0_20260502_172951\segmentation_visualizations\frame_0071_T187.35.png
"=HYPERLINK(""segmentation_visualizations/frame_0072_T188.01.png"",""454.16s"")",188.01,0.1011262596324837,853,8435,9288,56.07,-960,C:\Users\chenj\Desktop\homogenization_results\X-1200_Y500_Z-600_ROI0_20260502_172951\segmentation_visualizations\frame_0072_T188.01.png
"=HYPERLINK(""segmentation_visualizations/frame_0073_T188.69.png"",""458.18s"")",188.69,0.09944094207208279,836,8407,9243,57.33,-960,C:\Users\chenj\Desktop\homogenization_results\X-1200_Y500_Z-600_ROI0_20260502_172951\segmentation_visualizations\frame_0073_T188.69.png
"=HYPERLINK(""segmentation_visualizations/frame_0074_T189.35.png"",""462.24s"")",189.35,0.10002361832782239,847,8468,9315,54.73,-960,C:\Users\chenj\Desktop\homogenization_results\X-1200_Y500_Z-600_ROI0_20260502_172951\segmentation_visualizations\frame_0074_T189.35.png
"=HYPERLINK(""segmentation_visualizations/frame_0075_T190.02.png"",""466.11s"")",190.02,0.09690380524698652,820,8462,9282,56.65,-960,C:\Users\chenj\Desktop\homogenization_results\X-1200_Y500_Z-600_ROI0_20260502_172951\segmentation_visualizations\frame_0075_T190.02.png
"=HYPERLINK(""segmentation_visualizations/frame_0076_T190.69.png"",""470.19s"")",190.69,0.09526620233738638,807,8471,9278,55.64,-960,C:\Users\chenj\Desktop\homogenization_results\X-1200_Y500_Z-600_ROI0_20260502_172951\segmentation_visualizations\frame_0076_T190.69.png
"=HYPERLINK(""segmentation_visualizations/frame_0077_T191.36.png"",""474.25s"")",191.36,0.09849114886539147,829,8417,9246,53.54,-960,C:\Users\chenj\Desktop\homogenization_results\X-1200_Y500_Z-600_ROI0_20260502_172951\segmentation_visualizations\frame_0077_T191.36.png
"=HYPERLINK(""segmentation_visualizations/frame_0078_T192.02.png"",""478.20s"")",192.02,0.09584513692162418,812,8472,9284,54.57,-960,C:\Users\chenj\Desktop\homogenization_results\X-1200_Y500_Z-600_ROI0_20260502_172951\segmentation_visualizations\frame_0078_T192.02.png
"=HYPERLINK(""segmentation_visualizations/frame_0079_T192.69.png"",""482.14s"")",192.69,0.09233490566037736,783,8480,9263,54.16,-960,C:\Users\chenj\Desktop\homogenization_results\X-1200_Y500_Z-600_ROI0_20260502_172951\segmentation_visualizations\frame_0079_T192.69.png
"=HYPERLINK(""segmentation_visualizations/frame_0080_T193.37.png"",""486.25s"")",193.37,0.08998822143698469,764,8490,9254,52.83,-960,C:\Users\chenj\Desktop\homogenization_results\X-1200_Y500_Z-600_ROI0_20260502_172951\segmentation_visualizations\frame_0080_T193.37.png
"=HYPERLINK(""segmentation_visualizations/frame_0081_T194.03.png"",""525.97s"")",194.03,0.09546906423754879,807,8453,9260,55.0,-1000,C:\Users\chenj\Desktop\homogenization_results\X-1200_Y500_Z-600_ROI0_20260502_172951\segmentation_visualizations\frame_0081_T194.03.png
"=HYPERLINK(""segmentation_visualizations/frame_0082_T194.32.png"",""527.55s"")",194.32,0.09837608849140975,836,8498,9334,54.68,-1000,C:\Users\chenj\Desktop\homogenization_results\X-1200_Y500_Z-600_ROI0_20260502_172951\segmentation_visualizations\frame_0082_T194.32.png
"=HYPERLINK(""segmentation_visualizations/frame_0083_T195.0.png"",""531.53s"")",195.0,0.09590657072077385,813,8477,9290,55.11,-1000,C:\Users\chenj\Desktop\homogenization_results\X-1200_Y500_Z-600_ROI0_20260502_172951\segmentation_visualizations\frame_0083_T195.0.png
"=HYPERLINK(""segmentation_visualizations/frame_0084_T195.66.png"",""535.52s"")",195.66,0.09405824330671676,801,8516,9317,55.63,-1000,C:\Users\chenj\Desktop\homogenization_results\X-1200_Y500_Z-600_ROI0_20260502_172951\segmentation_visualizations\frame_0084_T195.66.png
"=HYPERLINK(""segmentation_visualizations/frame_0085_T196.34.png"",""539.43s"")",196.34,0.09346343757347754,795,8506,9301,55.56,-1000,C:\Users\chenj\Desktop\homogenization_results\X-1200_Y500_Z-600_ROI0_20260502_172951\segmentation_visualizations\frame_0085_T196.34.png
"=HYPERLINK(""segmentation_visualizations/frame_0086_T197.02.png"",""543.47s"")",197.02,0.09127358490566037,774,8480,9254,54.55,-1000,C:\Users\chenj\Desktop\homogenization_results\X-1200_Y500_Z-600_ROI0_20260502_172951\segmentation_visualizations\frame_0086_T197.02.png
"=HYPERLINK(""segmentation_visualizations/frame_0087_T197.69.png"",""547.57s"")",197.69,0.09041612637038783,767,8483,9250,54.98,-1000,C:\Users\chenj\Desktop\homogenization_results\X-1200_Y500_Z-600_ROI0_20260502_172951\segmentation_visualizations\frame_0087_T197.69.png
"=HYPERLINK(""segmentation_visualizations/frame_0088_T198.36.png"",""551.50s"")",198.36,0.08802528385812947,752,8543,9295,55.14,-1000,C:\Users\chenj\Desktop\homogenization_results\X-1200_Y500_Z-600_ROI0_20260502_172951\segmentation_visualizations\frame_0088_T198.36.png
"=HYPERLINK(""segmentation_visualizations/frame_0089_T199.03.png"",""555.44s"")",199.03,0.08728296574378226,744,8524,9268,55.64,-1000,C:\Users\chenj\Desktop\homogenization_results\X-1200_Y500_Z-600_ROI0_20260502_172951\segmentation_visualizations\frame_0089_T199.03.png
"=HYPERLINK(""segmentation_visualizations/frame_0090_T199.7.png"",""559.48s"")",199.7,0.0847378277153558,724,8544,9268,53.76,-1000,C:\Users\chenj\Desktop\homogenization_results\X-1200_Y500_Z-600_ROI0_20260502_172951\segmentation_visualizations\frame_0090_T199.7.png
"=HYPERLINK(""segmentation_visualizations/frame_0091_T200.36.png"",""563.52s"")",200.36,0.08348924228250701,714,8552,9266,54.84,-1000,C:\Users\chenj\Desktop\homogenization_results\X-1200_Y500_Z-600_ROI0_20260502_172951\segmentation_visualizations\frame_0091_T200.36.png
"=HYPERLINK(""segmentation_visualizations/frame_0092_T201.02.png"",""567.59s"")",201.02,0.08148752622989042,699,8578,9277,54.42,-1000,C:\Users\chenj\Desktop\homogenization_results\X-1200_Y500_Z-600_ROI0_20260502_172951\segmentation_visualizations\frame_0092_T201.02.png
"=HYPERLINK(""segmentation_visualizations/frame_0093_T201.67.png"",""571.51s"")",201.67,0.08273927778427019,708,8557,9265,54.35,-1000,C:\Users\chenj\Desktop\homogenization_results\X-1200_Y500_Z-600_ROI0_20260502_172951\segmentation_visualizations\frame_0093_T201.67.png
"=HYPERLINK(""segmentation_visualizations/frame_0094_T202.36.png"",""575.46s"")",202.36,0.07989780513296946,688,8611,9299,54.68,-1000,C:\Users\chenj\Desktop\homogenization_results\X-1200_Y500_Z-600_ROI0_20260502_172951\segmentation_visualizations\frame_0094_T202.36.png
"=HYPERLINK(""segmentation_visualizations/frame_0095_T203.02.png"",""579.48s"")",203.02,0.07981384525887143,686,8595,9281,56.08,-1000,C:\Users\chenj\Desktop\homogenization_results\X-1200_Y500_Z-600_ROI0_20260502_172951\segmentation_visualizations\frame_0095_T203.02.png
"=HYPERLINK(""segmentation_visualizations/frame_0096_T203.7.png"",""583.50s"")",203.7,0.07818118547732282,674,8621,9295,55.27,-1000,C:\Users\chenj\Desktop\homogenization_results\X-1200_Y500_Z-600_ROI0_20260502_172951\segmentation_visualizations\frame_0096_T203.7.png
"=HYPERLINK(""segmentation_visualizations/frame_0097_T204.37.png"",""623.22s"")",204.37,0.07000345980855725,607,8671,9278,54.23,-1040,C:\Users\chenj\Desktop\homogenization_results\X-1200_Y500_Z-600_ROI0_20260502_172951\segmentation_visualizations\frame_0097_T204.37.png
"=HYPERLINK(""segmentation_visualizations/frame_0098_T204.7.png"",""624.96s"")",204.7,0.06937881756367408,602,8677,9279,54.21,-1040,C:\Users\chenj\Desktop\homogenization_results\X-1200_Y500_Z-600_ROI0_20260502_172951\segmentation_visualizations\frame_0098_T204.7.png
"=HYPERLINK(""segmentation_visualizations/frame_0099_T205.37.png"",""628.62s"")",205.37,0.07251908396946564,627,8646,9273,55.38,-1040,C:\Users\chenj\Desktop\homogenization_results\X-1200_Y500_Z-600_ROI0_20260502_172951\segmentation_visualizations\frame_0099_T205.37.png
"=HYPERLINK(""segmentation_visualizations/frame_0100_T206.03.png"",""632.69s"")",206.03,0.06830223450817784,593,8682,9275,55.17,-1040,C:\Users\chenj\Desktop\homogenization_results\X-1200_Y500_Z-600_ROI0_20260502_172951\segmentation_visualizations\frame_0100_T206.03.png
"=HYPERLINK(""segmentation_visualizations/frame_0101_T206.71.png"",""636.68s"")",206.71,0.06870053905264366,599,8719,9318,53.39,-1040,C:\Users\chenj\Desktop\homogenization_results\X-1200_Y500_Z-600_ROI0_20260502_172951\segmentation_visualizations\frame_0101_T206.71.png
"=HYPERLINK(""segmentation_visualizations/frame_0102_T207.38.png"",""640.68s"")",207.38,0.06848051648605026,594,8674,9268,55.96,-1040,C:\Users\chenj\Desktop\homogenization_results\X-1200_Y500_Z-600_ROI0_20260502_172951\segmentation_visualizations\frame_0102_T207.38.png
"=HYPERLINK(""segmentation_visualizations/frame_0103_T208.04.png"",""644.85s"")",208.04,0.06552869744529728,572,8729,9301,55.09,-1040,C:\Users\chenj\Desktop\homogenization_results\X-1200_Y500_Z-600_ROI0_20260502_172951\segmentation_visualizations\frame_0103_T208.04.png
"=HYPERLINK(""segmentation_visualizations/frame_0104_T208.72.png"",""648.62s"")",208.72,0.06506494999425222,566,8699,9265,54.51,-1040,C:\Users\chenj\Desktop\homogenization_results\X-1200_Y500_Z-600_ROI0_20260502_172951\segmentation_visualizations\frame_0104_T208.72.png
"=HYPERLINK(""segmentation_visualizations/frame_0105_T209.39.png"",""652.69s"")",209.39,0.06615366946135294,576,8707,9283,55.76,-1040,C:\Users\chenj\Desktop\homogenization_results\X-1200_Y500_Z-600_ROI0_20260502_172951\segmentation_visualizations\frame_0105_T209.39.png
"=HYPERLINK(""segmentation_visualizations/frame_0106_T210.05.png"",""656.73s"")",210.05,0.05912625800548948,517,8744,9261,54.46,-1040,C:\Users\chenj\Desktop\homogenization_results\X-1200_Y500_Z-600_ROI0_20260502_172951\segmentation_visualizations\frame_0106_T210.05.png
"=HYPERLINK(""segmentation_visualizations/frame_0107_T210.73.png"",""660.64s"")",210.73,0.061081824432729775,533,8726,9259,54.63,-1040,C:\Users\chenj\Desktop\homogenization_results\X-1200_Y500_Z-600_ROI0_20260502_172951\segmentation_visualizations\frame_0107_T210.73.png
"=HYPERLINK(""segmentation_visualizations/frame_0108_T211.4.png"",""664.66s"")",211.4,0.05821917808219178,510,8760,9270,55.05,-1040,C:\Users\chenj\Desktop\homogenization_results\X-1200_Y500_Z-600_ROI0_20260502_172951\segmentation_visualizations\frame_0108_T211.4.png
"=HYPERLINK(""segmentation_visualizations/frame_0109_T212.06.png"",""668.76s"")",212.06,0.05768132495716733,505,8755,9260,54.03,-1040,C:\Users\chenj\Desktop\homogenization_results\X-1200_Y500_Z-600_ROI0_20260502_172951\segmentation_visualizations\frame_0109_T212.06.png
"=HYPERLINK(""segmentation_visualizations/frame_0110_T212.73.png"",""672.82s"")",212.73,0.054324355040345496,478,8799,9277,53.91,-1040,C:\Users\chenj\Desktop\homogenization_results\X-1200_Y500_Z-600_ROI0_20260502_172951\segmentation_visualizations\frame_0110_T212.73.png
"=HYPERLINK(""segmentation_visualizations/frame_0111_T213.4.png"",""676.74s"")",213.4,0.048846675712347354,432,8844,9276,53.77,-1040,C:\Users\chenj\Desktop\homogenization_results\X-1200_Y500_Z-600_ROI0_20260502_172951\segmentation_visualizations\frame_0111_T213.4.png
"=HYPERLINK(""segmentation_visualizations/frame_0112_T214.06.png"",""680.68s"")",214.06,0.04648014440433213,412,8864,9276,54.9,-1040,C:\Users\chenj\Desktop\homogenization_results\X-1200_Y500_Z-600_ROI0_20260502_172951\segmentation_visualizations\frame_0112_T214.06.png
"=HYPERLINK(""segmentation_visualizations/frame_0113_T214.73.png"",""720.51s"")",214.73,0.042195039838401976,376,8911,9287,54.95,-1040,C:\Users\chenj\Desktop\homogenization_results\X-1200_Y500_Z-600_ROI0_20260502_172951\segmentation_visualizations\frame_0113_T214.73.png
"=HYPERLINK(""segmentation_visualizations/frame_0114_T215.05.png"",""722.02s"")",215.05,0.0414472947238714,370,8927,9297,53.95,-1040,C:\Users\chenj\Desktop\homogenization_results\X-1200_Y500_Z-600_ROI0_20260502_172951\segmentation_visualizations\frame_0114_T215.05.png
"=HYPERLINK(""segmentation_visualizations/frame_0115_T215.73.png"",""726.05s"")",215.73,0.0443344210644762,394,8887,9281,54.86,-1040,C:\Users\chenj\Desktop\homogenization_results\X-1200_Y500_Z-600_ROI0_20260502_172951\segmentation_visualizations\frame_0115_T215.73.png
"=HYPERLINK(""segmentation_visualizations/frame_0116_T216.4.png"",""730.05s"")",216.4,0.04235852253473399,375,8853,9228,54.78,-1040,C:\Users\chenj\Desktop\homogenization_results\X-1200_Y500_Z-600_ROI0_20260502_172951\segmentation_visualizations\frame_0116_T216.4.png
"=HYPERLINK(""segmentation_visualizations/frame_0117_T217.07.png"",""734.09s"")",217.07,0.03924646781789639,350,8918,9268,53.38,-1040,C:\Users\chenj\Desktop\homogenization_results\X-1200_Y500_Z-600_ROI0_20260502_172951\segmentation_visualizations\frame_0117_T217.07.png
"=HYPERLINK(""segmentation_visualizations/frame_0118_T217.75.png"",""737.99s"")",217.75,0.034482758620689655,308,8932,9240,53.81,-1040,C:\Users\chenj\Desktop\homogenization_results\X-1200_Y500_Z-600_ROI0_20260502_172951\segmentation_visualizations\frame_0118_T217.75.png
"=HYPERLINK(""segmentation_visualizations/frame_0119_T218.41.png"",""742.02s"")",218.41,0.0333667000333667,300,8991,9291,53.94,-1040,C:\Users\chenj\Desktop\homogenization_results\X-1200_Y500_Z-600_ROI0_20260502_172951\segmentation_visualizations\frame_0119_T218.41.png
"=HYPERLINK(""segmentation_visualizations/frame_0120_T219.09.png"",""746.02s"")",219.09,0.031746031746031744,286,9009,9295,53.18,-1040,C:\Users\chenj\Desktop\homogenization_results\X-1200_Y500_Z-600_ROI0_20260502_172951\segmentation_visualizations\frame_0120_T219.09.png
"=HYPERLINK(""segmentation_visualizations/frame_0121_T219.76.png"",""750.11s"")",219.76,0.02743362831858407,248,9040,9288,52.94,-1040,C:\Users\chenj\Desktop\homogenization_results\X-1200_Y500_Z-600_ROI0_20260502_172951\segmentation_visualizations\frame_0121_T219.76.png
"=HYPERLINK(""segmentation_visualizations/frame_0122_T220.41.png"",""754.04s"")",220.41,0.02447899437644724,222,9069,9291,54.57,-1040,C:\Users\chenj\Desktop\homogenization_results\X-1200_Y500_Z-600_ROI0_20260502_172951\segmentation_visualizations\frame_0122_T220.41.png
"=HYPERLINK(""segmentation_visualizations/frame_0123_T221.09.png"",""758.09s"")",221.09,0.021316338863861115,194,9101,9295,52.06,-1040,C:\Users\chenj\Desktop\homogenization_results\X-1200_Y500_Z-600_ROI0_20260502_172951\segmentation_visualizations\frame_0123_T221.09.png
"=HYPERLINK(""segmentation_visualizations/frame_0124_T221.75.png"",""762.03s"")",221.75,0.06133424876988214,536,8739,9275,52.81,-1040,C:\Users\chenj\Desktop\homogenization_results\X-1200_Y500_Z-600_ROI0_20260502_172951\segmentation_visualizations\frame_0124_T221.75.png
"=HYPERLINK(""segmentation_visualizations/frame_0125_T222.42.png"",""766.00s"")",222.42,0.042149039001910756,375,8897,9272,53.63,-1040,C:\Users\chenj\Desktop\homogenization_results\X-1200_Y500_Z-600_ROI0_20260502_172951\segmentation_visualizations\frame_0125_T222.42.png
"=HYPERLINK(""segmentation_visualizations/frame_0126_T223.09.png"",""769.97s"")",223.09,0.09869822485207101,834,8450,9284,53.04,-1040,C:\Users\chenj\Desktop\homogenization_results\X-1200_Y500_Z-600_ROI0_20260502_172951\segmentation_visualizations\frame_0126_T223.09.png
"=HYPERLINK(""segmentation_visualizations/frame_0127_T223.76.png"",""773.96s"")",223.76,0.10552044831286515,885,8387,9272,52.18,-1040,C:\Users\chenj\Desktop\homogenization_results\X-1200_Y500_Z-600_ROI0_20260502_172951\segmentation_visualizations\frame_0127_T223.76.png
"=HYPERLINK(""segmentation_visualizations/frame_0128_T224.43.png"",""778.01s"")",224.43,0.1087136929460581,917,8435,9352,52.72,-1040,C:\Users\chenj\Desktop\homogenization_results\X-1200_Y500_Z-600_ROI0_20260502_172951\segmentation_visualizations\frame_0128_T224.43.png
"=HYPERLINK(""segmentation_visualizations/frame_0129_T225.09.png"",""817.76s"")",225.09,0.017382854675016195,161,9262,9423,54.01,-1160,C:\Users\chenj\Desktop\homogenization_results\X-1200_Y500_Z-600_ROI0_20260502_172951\segmentation_visualizations\frame_0129_T225.09.png
"=HYPERLINK(""segmentation_visualizations/frame_0130_T225.4.png"",""819.28s"")",225.4,0.06050420168067227,540,8925,9465,53.69,-1160,C:\Users\chenj\Desktop\homogenization_results\X-1200_Y500_Z-600_ROI0_20260502_172951\segmentation_visualizations\frame_0130_T225.4.png
"=HYPERLINK(""segmentation_visualizations/frame_0131_T226.07.png"",""823.28s"")",226.07,0.02183547724570317,202,9251,9453,53.92,-1160,C:\Users\chenj\Desktop\homogenization_results\X-1200_Y500_Z-600_ROI0_20260502_172951\segmentation_visualizations\frame_0131_T226.07.png
"=HYPERLINK(""segmentation_visualizations/frame_0132_T226.74.png"",""827.23s"")",226.74,0.010503751339764202,98,9330,9428,54.49,-1160,C:\Users\chenj\Desktop\homogenization_results\X-1200_Y500_Z-600_ROI0_20260502_172951\segmentation_visualizations\frame_0132_T226.74.png
"=HYPERLINK(""segmentation_visualizations/frame_0133_T227.42.png"",""831.23s"")",227.42,0.00032,3,9375,9378,54.85,-1160,C:\Users\chenj\Desktop\homogenization_results\X-1200_Y500_Z-600_ROI0_20260502_172951\segmentation_visualizations\frame_0133_T227.42.png
"=HYPERLINK(""segmentation_visualizations/frame_0134_T228.09.png"",""835.27s"")",228.09,0.015022154976764292,139,9253,9392,53.26,-1160,C:\Users\chenj\Desktop\homogenization_results\X-1200_Y500_Z-600_ROI0_20260502_172951\segmentation_visualizations\frame_0134_T228.09.png
"=HYPERLINK(""segmentation_visualizations/frame_0135_T228.75.png"",""839.25s"")",228.75,0.016809456674981023,155,9221,9376,54.05,-1160,C:\Users\chenj\Desktop\homogenization_results\X-1200_Y500_Z-600_ROI0_20260502_172951\segmentation_visualizations\frame_0135_T228.75.png
"=HYPERLINK(""segmentation_visualizations/frame_0136_T229.4.png"",""843.35s"")",229.4,0.05317478124298856,474,8914,9388,53.9,-1160,C:\Users\chenj\Desktop\homogenization_results\X-1200_Y500_Z-600_ROI0_20260502_172951\segmentation_visualizations\frame_0136_T229.4.png
"=HYPERLINK(""segmentation_visualizations/frame_0137_T230.09.png"",""847.20s"")",230.09,0.07274180655475619,637,8757,9394,53.54,-1160,C:\Users\chenj\Desktop\homogenization_results\X-1200_Y500_Z-600_ROI0_20260502_172951\segmentation_visualizations\frame_0137_T230.09.png
"=HYPERLINK(""segmentation_visualizations/frame_0138_T230.77.png"",""851.28s"")",230.77,0.036361614589124874,327,8993,9320,53.35,-1160,C:\Users\chenj\Desktop\homogenization_results\X-1200_Y500_Z-600_ROI0_20260502_172951\segmentation_visualizations\frame_0138_T230.77.png
"=HYPERLINK(""segmentation_visualizations/frame_0139_T231.43.png"",""855.25s"")",231.43,0.05932589387383284,521,8782,9303,53.21,-1160,C:\Users\chenj\Desktop\homogenization_results\X-1200_Y500_Z-600_ROI0_20260502_172951\segmentation_visualizations\frame_0139_T231.43.png
"=HYPERLINK(""segmentation_visualizations/frame_0140_T232.1.png"",""859.28s"")",232.1,0.0017148981779206859,16,9330,9346,53.92,-1160,C:\Users\chenj\Desktop\homogenization_results\X-1200_Y500_Z-600_ROI0_20260502_172951\segmentation_visualizations\frame_0140_T232.1.png
"=HYPERLINK(""segmentation_visualizations/frame_0141_T232.77.png"",""863.22s"")",232.77,0.0011786135219114969,11,9333,9344,52.87,-1160,C:\Users\chenj\Desktop\homogenization_results\X-1200_Y500_Z-600_ROI0_20260502_172951\segmentation_visualizations\frame_0141_T232.77.png
"=HYPERLINK(""segmentation_visualizations/frame_0142_T233.44.png"",""867.30s"")",233.44,0.020598225046565135,188,9127,9315,52.46,-1160,C:\Users\chenj\Desktop\homogenization_results\X-1200_Y500_Z-600_ROI0_20260502_172951\segmentation_visualizations\frame_0142_T233.44.png
"=HYPERLINK(""segmentation_visualizations/frame_0143_T234.1.png"",""871.32s"")",234.1,0.041903488242505296,376,8973,9349,52.85,-1160,C:\Users\chenj\Desktop\homogenization_results\X-1200_Y500_Z-600_ROI0_20260502_172951\segmentation_visualizations\frame_0143_T234.1.png
"=HYPERLINK(""segmentation_visualizations/frame_0144_T234.76.png"",""875.29s"")",234.76,0.07554992514108028,656,8683,9339,52.2,-1160,C:\Users\chenj\Desktop\homogenization_results\X-1200_Y500_Z-600_ROI0_20260502_172951\segmentation_visualizations\frame_0144_T234.76.png
"=HYPERLINK(""segmentation_visualizations/frame_0145_T235.44.png"",""914.93s"")",235.44,0.008139659419513763,76,9337,9413,51.76,-1200,C:\Users\chenj\Desktop\homogenization_results\X-1200_Y500_Z-600_ROI0_20260502_172951\segmentation_visualizations\frame_0145_T235.44.png
"=HYPERLINK(""segmentation_visualizations/frame_0146_T235.76.png"",""916.51s"")",235.76,0.021207177814029365,195,9195,9390,52.91,-1200,C:\Users\chenj\Desktop\homogenization_results\X-1200_Y500_Z-600_ROI0_20260502_172951\segmentation_visualizations\frame_0146_T235.76.png
"=HYPERLINK(""segmentation_visualizations/frame_0147_T236.41.png"",""920.43s"")",236.41,0.0040851429800043,38,9302,9340,52.5,-1200,C:\Users\chenj\Desktop\homogenization_results\X-1200_Y500_Z-600_ROI0_20260502_172951\segmentation_visualizations\frame_0147_T236.41.png
"=HYPERLINK(""segmentation_visualizations/frame_0148_T237.09.png"",""924.53s"")",237.09,0.003958912903916114,37,9346,9383,53.66,-1200,C:\Users\chenj\Desktop\homogenization_results\X-1200_Y500_Z-600_ROI0_20260502_172951\segmentation_visualizations\frame_0148_T237.09.png
"=HYPERLINK(""segmentation_visualizations/frame_0149_T237.76.png"",""928.53s"")",237.76,0.0014952472498130942,14,9363,9377,54.2,-1200,C:\Users\chenj\Desktop\homogenization_results\X-1200_Y500_Z-600_ROI0_20260502_172951\segmentation_visualizations\frame_0149_T237.76.png
"=HYPERLINK(""segmentation_visualizations/frame_0150_T238.44.png"",""932.46s"")",238.44,0.007327586206896552,68,9280,9348,52.88,-1200,C:\Users\chenj\Desktop\homogenization_results\X-1200_Y500_Z-600_ROI0_20260502_172951\segmentation_visualizations\frame_0150_T238.44.png
"=HYPERLINK(""segmentation_visualizations/frame_0151_T239.11_HOMOGENIZATION.png"",""936.45s"")",239.11,0.011456982274102896,106,9252,9358,53.48,-1200,C:\Users\chenj\Desktop\homogenization_results\X-1200_Y500_Z-600_ROI0_20260502_172951\segmentation_visualizations\frame_0151_T239.11_HOMOGENIZATION.png
